Name,URI,Region GSS code,Period,Sales volume,Reporting period,Average price All property types,Percentage change (yearly) All property types,Percentage change (monthly) All property types,House price index All property types,Sales volume All property types,Average price Detached houses,Percentage change (yearly) Detached houses,Percentage change (monthly) Detached houses,House price index Detached houses,Average price Semi-detached houses,Percentage change (yearly) Semi-detached houses,Percentage change (monthly) Semi-detached houses,House price index Semi-detached houses,Average price Terraced houses,Percentage change (yearly) Terraced houses,Percentage change (monthly) Terraced houses,House price index Terraced houses,Average price Flats and maisonettes,Percentage change (yearly) Flats and maisonettes,Percentage change (monthly) Flats and maisonettes,House price index Flats and maisonettes,Average price First-time buyers,Percentage change (yearly) First-time buyers,Percentage change (monthly) First-time buyers,House price index First-time buyers,Average price Former owner-occupiers,Percentage change (yearly) Former owner-occupiers,Percentage change (monthly) Former owner-occupiers,House price index Former owner-occupiers,Average price Cash purchases,Percentage change (yearly) Cash purchases,Percentage change (monthly) Cash purchases,House price index Cash purchases,Sales volume Cash purchases,Average price Mortgage purchases,Percentage change (yearly) Mortgage purchases,Percentage change (monthly) Mortgage purchases,House price index Mortgage purchases,Sales volume Mortgage purchases,Average price New build,Percentage change (yearly) New build,Percentage change (monthly) New build,House price index New build,Sales volume New build,Average price Existing properties,Percentage change (yearly) Existing properties,Percentage change (monthly) Existing properties,House price index Existing properties,Sales volume Existing properties,Pivotable date
United Kingdom,http://landregistry.data.gov.uk/id/region/united-kingdom,K02000001,2006-01,88382,monthly,159970,6.2,-0.15,83.9,88382,244844,3.66,1.03,85.09,154122,5.63,0.14,86.21,129002,7.73,-0.55,83.51,135909,7.0,-0.7,78.96,,,,,,,,,,,,,,,,,,,196646,6.33,-1.73,86.18,8730,157201,6.14,0.02,83.59,79652,2006-01-01
United Kingdom,http://landregistry.data.gov.uk/id/region/united-kingdom,K02000001,2006-02,90058,monthly,160231,6.47,0.16,84.04,90058,243243,3.72,-0.65,84.54,154159,5.17,0.02,86.23,129318,8.28,0.25,83.72,137211,8.0,0.96,79.72,,,,,,,,,,,,,,,,,,,200231,7.25,1.82,87.75,10353,157153,6.36,-0.03,83.57,79705,2006-02-01
United Kingdom,http://landregistry.data.gov.uk/id/region/united-kingdom,K02000001,2006-03,118864,monthly,161531,6.46,0.81,84.72,118864,245956,4.65,1.12,85.48,155563,5.59,0.91,87.01,130386,7.81,0.83,84.41,137740,7.3,0.39,80.03,,,,,,,,,,,,,,,,,,,199655,6.07,-0.29,87.5,14842,158632,6.48,0.94,84.36,104022,2006-03-01
United Kingdom,http://landregistry.data.gov.uk/id/region/united-kingdom,K02000001,2006-04,110370,monthly,165042,7.25,2.17,86.56,110370,249485,5.57,1.44,86.71,159151,6.37,2.31,89.02,133945,8.98,2.73,86.71,140314,7.48,1.87,81.52,,,,,,,,,,,,,,,,,,,203939,6.1,2.15,89.38,12173,162086,7.38,2.18,86.19,98197,2006-04-01
United Kingdom,http://landregistry.data.gov.uk/id/region/united-kingdom,K02000001,2006-05,121888,monthly,166606,7.12,0.95,87.38,121888,252502,4.95,1.21,87.76,160241,6.42,0.68,89.63,134568,8.34,0.47,87.12,142780,8.31,1.76,82.95,,,,,,,,,,,,,,,,,,,205404,6.59,0.72,90.02,13709,163666,7.16,0.97,87.03,108179,2006-05-01
United Kingdom,http://landregistry.data.gov.uk/id/region/united-kingdom,K02000001,2006-06,146253,monthly,168184,7.28,0.95,88.21,146253,252748,5.71,0.1,87.84,161638,6.58,0.87,90.41,136637,8.33,1.54,88.46,144114,8.26,0.93,83.73,,,,,,,,,,,,,,,,,,,205572,6.34,0.08,90.09,21097,165385,7.36,1.05,87.95,125156,2006-06-01
United Kingdom,http://landregistry.data.gov.uk/id/region/united-kingdom,K02000001,2006-07,134426,monthly,170604,7.44,1.44,89.48,134426,258352,5.82,2.22,89.79,163934,6.25,1.42,91.7,139157,9.23,1.84,90.09,144386,7.95,0.19,83.89,,,,,,,,,,,,,,,,,,,206903,5.99,0.65,90.68,12275,167921,7.58,1.53,89.3,122151,2006-07-01
United Kingdom,http://landregistry.data.gov.uk/id/region/united-kingdom,K02000001,2006-08,141486,monthly,172037,7.91,0.84,90.23,141486,261682,6.1,1.29,90.95,165273,7.4,0.82,92.44,139870,9.26,0.51,90.55,145759,8.35,0.95,84.68,,,,,,,,,,,,,,,,,,,206491,4.96,-0.2,90.5,12291,169537,8.23,0.96,90.15,129195,2006-08-01
United Kingdom,http://landregistry.data.gov.uk/id/region/united-kingdom,K02000001,2006-09,137213,monthly,172738,8.52,0.41,90.6,137213,262324,7.09,0.25,91.17,165909,7.98,0.38,92.8,140269,9.15,0.28,90.81,146869,9.75,0.76,85.33,,,,,,,,,,,,,,,,,,,209474,6.93,1.44,91.8,13685,170022,8.67,0.29,90.41,123528,2006-09-01
United Kingdom,http://landregistry.data.gov.uk/id/region/united-kingdom,K02000001,2006-10,133356,monthly,173750,9.37,0.59,91.13,133356,263693,7.81,0.52,91.65,166832,8.53,0.56,93.32,141278,10.39,0.72,91.46,147609,10.55,0.5,85.76,,,,,,,,,,,,,,,,,,,210800,6.86,0.63,92.38,12608,171010,9.65,0.58,90.94,120748,2006-10-01
United Kingdom,http://landregistry.data.gov.uk/id/region/united-kingdom,K02000001,2006-11,135279,monthly,174644,9.61,0.51,91.6,135279,265290,8.31,0.61,92.2,168046,9.07,0.73,94.0,142103,10.66,0.58,92.0,147708,10.12,0.07,85.82,,,,,,,,,,,,,,,,,,,209797,5.74,-0.48,91.94,13520,172091,10.05,0.63,91.51,121759,2006-11-01
United Kingdom,http://landregistry.data.gov.uk/id/region/united-kingdom,K02000001,2006-12,142000,monthly,176819,10.37,1.25,92.74,142000,264999,9.35,-0.11,92.1,169329,10.02,0.76,94.71,144505,11.4,1.69,93.55,151264,10.52,2.41,87.88,,,,,,,,,,,,,,,,,,,214434,7.16,2.21,93.98,20413,174039,10.74,1.13,92.55,121587,2006-12-01
United Kingdom,http://landregistry.data.gov.uk/id/region/united-kingdom,K02000001,2007-01,101538,monthly,176758,10.49,-0.03,92.71,101538,268186,9.53,1.2,93.21,169496,9.98,0.1,94.81,144185,11.77,-0.22,93.34,150639,10.84,-0.41,87.52,,,,,,,,,,,,,,,,,,,213476,8.56,-0.45,93.56,8313,174069,10.73,0.02,92.56,93224,2007-01-01
United Kingdom,http://landregistry.data.gov.uk/id/region/united-kingdom,K02000001,2007-02,99013,monthly,177261,10.63,0.28,92.97,99013,267642,10.03,-0.2,93.02,169788,10.14,0.17,94.97,144010,11.36,-0.12,93.23,152704,11.29,1.37,88.72,,,,,,,,,,,,,,,,,,,214060,6.91,0.27,93.81,8524,174567,11.08,0.29,92.83,90488,2007-02-01
United Kingdom,http://landregistry.data.gov.uk/id/region/united-kingdom,K02000001,2007-03,123076,monthly,178636,10.59,0.78,93.69,123076,269178,9.44,0.57,93.55,170921,9.87,0.67,95.6,146113,12.06,1.46,94.59,152908,11.01,0.13,88.84,,,,,,,,,,,,,,,,,,,213228,6.8,-0.39,93.45,12960,176105,11.01,0.88,93.65,110115,2007-03-01
United Kingdom,http://landregistry.data.gov.uk/id/region/united-kingdom,K02000001,2007-04,112054,monthly,182243,10.42,2.02,95.58,112054,273582,9.66,1.64,95.08,174013,9.34,1.81,97.33,149342,11.5,2.21,96.68,156410,11.47,2.29,90.87,,,,,,,,,,,,,,,,,,,217591,6.69,2.05,95.36,10156,179654,10.84,2.02,95.53,101898,2007-04-01
United Kingdom,http://landregistry.data.gov.uk/id/region/united-kingdom,K02000001,2007-05,125934,monthly,184330,10.64,1.15,96.68,125934,275810,9.23,0.81,95.86,175564,9.56,0.89,98.2,150441,11.8,0.74,97.39,159937,12.02,2.25,92.92,,,,,,,,,,,,,,,,,,,224313,9.21,3.09,98.31,11607,181401,10.84,0.97,96.46,114327,2007-05-01
United Kingdom,http://landregistry.data.gov.uk/id/region/united-kingdom,K02000001,2007-06,145599,monthly,186348,10.8,1.09,97.74,145599,279156,10.45,1.21,97.02,177260,9.67,0.97,99.15,152369,11.51,1.28,98.64,161353,11.96,0.89,93.74,,,,,,,,,,,,,,,,,,,223163,8.56,-0.51,97.8,17444,183651,11.04,1.24,97.66,128155,2007-06-01
United Kingdom,http://landregistry.data.gov.uk/id/region/united-kingdom,K02000001,2007-07,134755,monthly,188691,10.6,1.26,98.96,134755,285684,10.58,2.34,99.29,179325,9.39,1.17,100.3,153994,10.66,1.07,99.69,162554,12.58,0.74,94.44,,,,,,,,,,,,,,,,,,,227921,10.16,2.13,99.89,9343,185816,10.66,1.18,98.81,125412,2007-07-01
United Kingdom,http://landregistry.data.gov.uk/id/region/united-kingdom,K02000001,2007-08,144901,monthly,189786,10.32,0.58,99.54,144901,287929,10.03,0.79,100.07,180401,9.15,0.6,100.91,155100,10.89,0.72,100.41,162878,11.74,0.2,94.63,,,,,,,,,,,,,,,,,,,223499,8.24,-1.94,97.95,8832,187321,10.49,0.81,99.61,136069,2007-08-01
United Kingdom,http://landregistry.data.gov.uk/id/region/united-kingdom,K02000001,2007-09,114685,monthly,190032,10.01,0.13,99.67,114685,288381,9.93,0.16,100.23,180270,8.66,-0.07,100.83,154741,10.32,-0.23,100.18,164251,11.84,0.84,95.43,,,,,,,,,,,,,,,,,,,225909,7.85,1.08,99.01,8468,187405,10.22,0.04,99.66,106217,2007-09-01
United Kingdom,http://landregistry.data.gov.uk/id/region/united-kingdom,K02000001,2007-10,119246,monthly,189589,9.12,-0.23,99.44,119246,288223,9.3,-0.05,100.17,179621,7.67,-0.36,100.47,154398,9.29,-0.22,99.96,163837,10.99,-0.25,95.19,,,,,,,,,,,,,,,,,,,226045,7.23,0.06,99.07,9350,186925,9.31,-0.26,99.4,109896,2007-10-01
United Kingdom,http://landregistry.data.gov.uk/id/region/united-kingdom,K02000001,2007-11,118226,monthly,189489,8.5,-0.05,99.38,118226,288470,8.74,0.09,100.26,179951,7.08,0.18,100.65,153793,8.23,-0.39,99.56,163900,10.96,0.04,95.22,,,,,,,,,,,,,,,,,,,225028,7.26,-0.45,98.62,9704,186893,8.6,-0.02,99.38,108522,2007-11-01
United Kingdom,http://landregistry.data.gov.uk/id/region/united-kingdom,K02000001,2007-12,95060,monthly,189193,7.0,-0.16,99.23,95060,285242,7.64,-1.12,99.13,179364,5.93,-0.33,100.33,154082,6.63,0.19,99.75,164472,8.73,0.35,95.56,,,,,,,,,,,,,,,,,,,226821,5.78,0.8,99.41,12888,186442,7.13,-0.24,99.14,82172,2007-12-01
United Kingdom,http://landregistry.data.gov.uk/id/region/united-kingdom,K02000001,2008-01,67660,monthly,185782,5.11,-1.8,97.44,67660,280201,4.48,-1.77,97.38,175565,3.58,-2.12,98.2,150959,4.7,-2.03,97.73,164580,9.25,0.07,95.62,,,,,,,,,,,,,,,,,,,225328,5.55,-0.66,98.75,5169,182943,5.1,-1.88,97.28,62492,2008-01-01
United Kingdom,http://landregistry.data.gov.uk/id/region/united-kingdom,K02000001,2008-02,71682,monthly,184185,3.91,-0.86,96.6,71682,277037,3.51,-1.13,96.28,174660,2.87,-0.52,97.7,149627,3.9,-0.88,96.87,162953,6.71,-0.99,94.67,,,,,,,,,,,,,,,,,,,228000,6.51,1.19,99.92,6025,180878,3.62,-1.13,96.19,65658,2008-02-01
United Kingdom,http://landregistry.data.gov.uk/id/region/united-kingdom,K02000001,2008-03,69246,monthly,182845,2.36,-0.73,95.9,69246,273984,1.79,-1.1,95.22,173965,1.78,-0.4,97.31,149155,2.08,-0.32,96.56,160801,5.16,-1.32,93.42,,,,,,,,,,,,,,,,,,,224050,5.08,-1.73,98.19,8533,179806,2.1,-0.59,95.61,60714,2008-03-01
United Kingdom,http://landregistry.data.gov.uk/id/region/united-kingdom,K02000001,2008-04,74444,monthly,183148,0.5,0.17,96.06,74444,275418,0.67,0.52,95.72,173450,-0.32,-0.3,97.02,149733,0.26,0.39,96.94,160963,2.91,0.1,93.52,,,,,,,,,,,,,,,,,,,224695,3.26,0.29,98.47,9040,180076,0.24,0.15,95.76,65404,2008-04-01
United Kingdom,http://landregistry.data.gov.uk/id/region/united-kingdom,K02000001,2008-05,77830,monthly,184267,-0.03,0.61,96.64,77830,275513,-0.11,0.03,95.75,175160,-0.23,0.99,97.97,150198,-0.16,0.31,97.24,162696,1.73,1.08,94.53,,,,,,,,,,,,,,,,,,,225254,0.42,0.25,98.72,9057,181264,-0.08,0.66,96.39,68773,2008-05-01
United Kingdom,http://landregistry.data.gov.uk/id/region/united-kingdom,K02000001,2008-06,70467,monthly,181831,-2.42,-1.32,95.37,70467,271990,-2.57,-1.28,94.53,172913,-2.45,-1.28,96.72,148590,-2.48,-1.07,96.2,159875,-0.92,-1.73,92.89,,,,,,,,,,,,,,,,,,,221442,-0.77,-1.69,97.05,12195,178956,-2.56,-1.27,95.16,58272,2008-06-01
United Kingdom,http://landregistry.data.gov.uk/id/region/united-kingdom,K02000001,2008-07,62373,monthly,179845,-4.69,-1.09,94.33,62373,270883,-5.18,-0.41,94.14,170845,-4.73,-1.2,95.56,146400,-4.93,-1.47,94.78,158188,-2.69,-1.05,91.91,,,,,,,,,,,,,,,,,,,217387,-4.62,-1.83,95.27,6997,177187,-4.64,-0.99,94.22,55376,2008-07-01
United Kingdom,http://landregistry.data.gov.uk/id/region/united-kingdom,K02000001,2008-08,57673,monthly,176092,-7.22,-2.09,92.36,57673,266384,-7.48,-1.66,92.58,167166,-7.34,-2.15,93.5,143180,-7.69,-2.2,92.69,154671,-5.04,-2.22,89.86,,,,,,,,,,,,,,,,,,,209669,-6.19,-3.55,91.89,6340,173838,-7.2,-1.89,92.44,51333,2008-08-01
United Kingdom,http://landregistry.data.gov.uk/id/region/united-kingdom,K02000001,2008-09,49483,monthly,171660,-9.67,-2.52,90.03,49483,262199,-9.08,-1.57,91.13,162201,-10.02,-2.97,90.73,139195,-10.05,-2.78,90.11,150878,-8.14,-2.45,87.66,,,,,,,,,,,,,,,,,,,207132,-8.31,-1.21,90.78,6790,169162,-9.73,-2.69,89.95,42693,2008-09-01
United Kingdom,http://landregistry.data.gov.uk/id/region/united-kingdom,K02000001,2008-10,53405,monthly,168177,-11.29,-2.03,88.21,53405,255567,-11.33,-2.53,88.82,159515,-11.19,-1.66,89.22,136263,-11.75,-2.11,88.22,147979,-9.68,-1.92,85.97,,,,,,,,,,,,,,,,,,,202799,-10.28,-2.09,88.88,6926,165744,-11.33,-2.02,88.14,46479,2008-10-01
United Kingdom,http://landregistry.data.gov.uk/id/region/united-kingdom,K02000001,2008-11,43044,monthly,163447,-13.74,-2.81,85.72,43044,247586,-14.17,-3.12,86.05,155709,-13.47,-2.39,87.1,132512,-13.84,-2.75,85.79,143378,-12.52,-3.11,83.3,,,,,,,,,,,,,,,,,,,197953,-12.03,-2.39,86.75,6481,160990,-13.86,-2.87,85.61,36563,2008-11-01
United Kingdom,http://landregistry.data.gov.uk/id/region/united-kingdom,K02000001,2008-12,46373,monthly,160954,-14.93,-1.53,84.42,46373,242938,-14.83,-1.88,84.43,152977,-14.71,-1.75,85.57,131693,-14.53,-0.62,85.26,140291,-14.7,-2.15,81.51,,,,,,,,,,,,,,,,,,,191571,-15.54,-3.22,83.96,9347,158901,-14.77,-1.3,84.5,37026,2008-12-01
United Kingdom,http://landregistry.data.gov.uk/id/region/united-kingdom,K02000001,2009-01,31422,monthly,157234,-15.37,-2.31,82.47,31422,241206,-13.92,-0.71,83.83,148741,-15.28,-2.77,83.2,126924,-15.92,-3.62,82.17,137752,-16.3,-1.81,80.03,,,,,,,,,,,,,,,,,,,192148,-14.73,0.3,84.21,3702,154675,-15.45,-2.66,82.25,27720,2009-01-01
United Kingdom,http://landregistry.data.gov.uk/id/region/united-kingdom,K02000001,2009-02,31888,monthly,155417,-15.62,-1.16,81.51,31888,235417,-15.02,-2.4,81.82,147888,-15.33,-0.57,82.72,125694,-16.0,-0.97,81.37,136740,-16.09,-0.73,79.44,,,,,,,,,,,,,,,,,,,190783,-16.32,-0.71,83.61,4233,152812,-15.52,-1.2,81.26,27655,2009-02-01
United Kingdom,http://landregistry.data.gov.uk/id/region/united-kingdom,K02000001,2009-03,41978,monthly,154452,-15.53,-0.62,81.01,41978,234530,-14.4,-0.38,81.51,146108,-16.01,-1.2,81.72,125065,-16.15,-0.5,80.97,136442,-15.15,-0.22,79.27,,,,,,,,,,,,,,,,,,,190949,-14.77,0.09,83.68,6551,151744,-15.61,-0.7,80.69,35427,2009-03-01
United Kingdom,http://landregistry.data.gov.uk/id/region/united-kingdom,K02000001,2009-04,45378,monthly,155852,-14.9,0.91,81.74,45378,235300,-14.57,0.33,81.78,148495,-14.39,1.63,83.06,126884,-15.26,1.45,82.14,136051,-15.48,-0.29,79.04,,,,,,,,,,,,,,,,,,,190637,-15.16,-0.16,83.55,5590,153300,-14.87,1.02,81.52,39789,2009-04-01
United Kingdom,http://landregistry.data.gov.uk/id/region/united-kingdom,K02000001,2009-05,52300,monthly,158004,-14.25,1.38,82.87,52300,238699,-13.36,1.44,82.96,150402,-14.13,1.28,84.13,128432,-14.49,1.22,83.15,138356,-14.96,1.69,80.38,,,,,,,,,,,,,,,,,,,190805,-15.29,0.09,83.62,6210,155637,-14.14,1.52,82.76,46091,2009-05-01
United Kingdom,http://landregistry.data.gov.uk/id/region/united-kingdom,K02000001,2009-06,60728,monthly,159561,-12.25,0.99,83.69,60728,241957,-11.04,1.37,84.09,151480,-12.4,0.72,84.73,130003,-12.51,1.22,84.16,139122,-12.98,0.55,80.83,,,,,,,,,,,,,,,,,,,191239,-13.64,0.23,83.81,9565,157301,-12.1,1.07,83.65,51164,2009-06-01
United Kingdom,http://landregistry.data.gov.uk/id/region/united-kingdom,K02000001,2009-07,71336,monthly,162423,-9.69,1.79,85.19,71336,246960,-8.83,2.07,85.83,154547,-9.54,2.02,86.45,132514,-9.48,1.93,85.79,140355,-11.27,0.89,81.55,,,,,,,,,,,,,,,,,,,193308,-11.08,1.08,84.72,6774,160247,-9.56,1.87,85.21,64562,2009-07-01
United Kingdom,http://landregistry.data.gov.uk/id/region/united-kingdom,K02000001,2009-08,65968,monthly,164025,-6.85,0.99,86.03,65968,249979,-6.16,1.22,86.88,156307,-6.5,1.14,87.43,133758,-6.58,0.94,86.59,141096,-8.78,0.53,81.98,,,,,,,,,,,,,,,,,,,192944,-7.98,-0.19,84.56,5915,162036,-6.79,1.12,86.17,60053,2009-08-01
United Kingdom,http://landregistry.data.gov.uk/id/region/united-kingdom,K02000001,2009-09,66256,monthly,165314,-3.7,0.79,86.7,66256,251604,-4.04,0.65,87.44,156912,-3.26,0.39,87.77,134809,-3.15,0.79,87.27,143313,-5.01,1.57,83.26,,,,,,,,,,,,,,,,,,,197107,-4.84,2.16,86.38,6690,163066,-3.6,0.64,86.71,59566,2009-09-01
United Kingdom,http://landregistry.data.gov.uk/id/region/united-kingdom,K02000001,2009-10,74416,monthly,166425,-1.04,0.67,87.29,74416,253836,-0.68,0.89,88.22,158867,-0.41,1.25,88.86,135658,-0.44,0.63,87.82,142741,-3.54,-0.4,82.93,,,,,,,,,,,,,,,,,,,195994,-3.36,-0.56,85.9,6908,164386,-0.82,0.81,87.42,67508,2009-10-01
United Kingdom,http://landregistry.data.gov.uk/id/region/united-kingdom,K02000001,2009-11,69160,monthly,166986,2.17,0.34,87.58,69160,255675,3.27,0.72,88.86,158605,1.86,-0.17,88.71,136505,3.01,0.62,88.37,142999,-0.26,0.18,83.08,,,,,,,,,,,,,,,,,,,196193,-0.89,0.1,85.98,7003,164983,2.48,0.36,87.73,62157,2009-11-01
United Kingdom,http://landregistry.data.gov.uk/id/region/united-kingdom,K02000001,2009-12,87202,monthly,168082,4.43,0.66,88.16,87202,252946,4.12,-1.07,87.91,160655,5.02,1.29,89.86,138433,5.12,1.41,89.62,144066,2.69,0.75,83.7,,,,,,,,,,,,,,,,,,,197097,2.88,0.46,86.38,10292,166101,4.53,0.68,88.33,76910,2009-12-01
United Kingdom,http://landregistry.data.gov.uk/id/region/united-kingdom,K02000001,2010-01,41085,monthly,167469,6.51,-0.36,87.83,41085,258979,7.37,2.38,90.01,159457,7.2,-0.75,89.19,136261,7.36,-1.57,88.21,142338,3.33,-1.2,82.7,,,,,,,,,,,,,,,,,,,189742,-1.25,-3.73,83.16,3698,166116,7.4,0.01,88.34,37387,2010-01-01
United Kingdom,http://landregistry.data.gov.uk/id/region/united-kingdom,K02000001,2010-02,47348,monthly,167888,8.02,0.25,88.05,47348,258258,9.7,-0.28,89.76,160617,8.61,0.73,89.84,136752,8.8,0.36,88.53,142407,4.14,0.05,82.74,,,,,,,,,,,,,,,,,,,198122,3.85,4.42,86.83,4642,165918,8.58,-0.12,88.23,42706,2010-02-01
United Kingdom,http://landregistry.data.gov.uk/id/region/united-kingdom,K02000001,2010-03,58047,monthly,167878,8.69,-0.01,88.05,58047,258191,10.09,-0.03,89.73,159678,9.29,-0.58,89.31,136425,9.08,-0.24,88.32,144189,5.68,1.25,83.77,,,,,,,,,,,,,,,,,,,199404,4.43,0.65,87.39,6386,165811,9.27,-0.06,88.17,51661,2010-03-01
United Kingdom,http://landregistry.data.gov.uk/id/region/united-kingdom,K02000001,2010-04,59555,monthly,170028,9.1,1.28,89.18,59555,260075,10.53,0.73,90.39,162470,9.41,1.75,90.88,138535,9.18,1.55,89.69,145456,6.91,0.88,84.51,,,,,,,,,,,,,,,,,,,198081,3.9,-0.66,86.81,5484,168232,9.74,1.46,89.46,54071,2010-04-01
United Kingdom,http://landregistry.data.gov.uk/id/region/united-kingdom,K02000001,2010-05,59095,monthly,170846,8.13,0.48,89.61,59095,262619,10.02,0.98,91.27,162702,8.18,0.14,91.01,139143,8.34,0.44,90.08,146061,5.57,0.42,84.86,,,,,,,,,,,,,,,,,,,198257,3.91,0.09,86.89,5994,169102,8.65,0.52,89.92,53101,2010-05-01
United Kingdom,http://landregistry.data.gov.uk/id/region/united-kingdom,K02000001,2010-06,70937,monthly,171689,7.6,0.49,90.05,70937,262311,8.41,-0.12,91.17,163595,8.0,0.55,91.51,140462,8.05,0.95,90.93,146799,5.52,0.51,85.29,,,,,,,,,,,,,,,,,,,199386,4.26,0.57,87.38,8931,169924,8.02,0.49,90.36,62006,2010-06-01
United Kingdom,http://landregistry.data.gov.uk/id/region/united-kingdom,K02000001,2010-07,76003,monthly,173427,6.77,1.01,90.96,76003,268336,8.66,2.3,93.26,165086,6.82,0.91,92.34,141211,6.56,0.53,91.42,147180,4.86,0.26,85.51,,,,,,,,,,,,,,,,,,,197299,2.06,-1.05,86.47,5384,171962,7.31,1.2,91.44,70619,2010-07-01
United Kingdom,http://landregistry.data.gov.uk/id/region/united-kingdom,K02000001,2010-08,69123,monthly,173417,5.73,-0.01,90.95,69123,268707,7.49,0.14,93.39,166058,6.24,0.59,92.88,140523,5.06,-0.49,90.97,146679,3.96,-0.34,85.22,,,,,,,,,,,,,,,,,,,200592,3.96,1.67,87.91,5102,171694,5.96,-0.16,91.3,64021,2010-08-01
United Kingdom,http://landregistry.data.gov.uk/id/region/united-kingdom,K02000001,2010-09,64886,monthly,172972,4.63,-0.26,90.72,64886,268248,6.62,-0.17,93.23,164443,4.8,-0.97,91.98,140678,4.35,0.11,91.07,146900,2.5,0.15,85.35,,,,,,,,,,,,,,,,,,,202886,2.93,1.14,88.92,6178,171037,4.89,-0.38,90.95,58708,2010-09-01
United Kingdom,http://landregistry.data.gov.uk/id/region/united-kingdom,K02000001,2010-10,66726,monthly,171045,2.78,-1.11,89.71,66726,265285,4.51,-1.1,92.2,163224,2.74,-0.74,91.3,138675,2.22,-1.42,89.78,145117,1.66,-1.21,84.31,,,,,,,,,,,,,,,,,,,201851,2.99,-0.51,88.46,5624,169037,2.83,-1.17,89.89,61102,2010-10-01
United Kingdom,http://landregistry.data.gov.uk/id/region/united-kingdom,K02000001,2010-11,63565,monthly,169013,1.21,-1.19,88.64,63565,263487,3.06,-0.68,91.57,161335,1.72,-1.16,90.24,136245,-0.19,-1.75,88.2,143631,0.44,-1.02,83.45,,,,,,,,,,,,,,,,,,,197922,0.88,-1.95,86.74,5699,167146,1.31,-1.12,88.88,57866,2010-11-01
United Kingdom,http://landregistry.data.gov.uk/id/region/united-kingdom,K02000001,2010-12,63541,monthly,168703,0.37,-0.18,88.48,63541,260339,2.92,-1.19,90.48,160988,0.21,-0.21,90.05,136909,-1.1,0.49,88.63,143845,-0.15,0.15,83.57,,,,,,,,,,,,,,,,,,,202097,2.54,2.11,88.57,7683,166496,0.24,-0.39,88.54,55858,2010-12-01
United Kingdom,http://landregistry.data.gov.uk/id/region/united-kingdom,K02000001,2011-01,42399,monthly,167300,-0.1,-0.83,87.75,42399,260855,0.72,0.2,90.66,158765,-0.43,-1.38,88.8,134970,-0.95,-1.42,87.38,143346,0.71,-0.35,83.28,,,,,,,,,,,,,,,,,,,201462,6.18,-0.31,88.29,3219,164992,-0.68,-0.9,87.74,39180,2011-01-01
United Kingdom,http://landregistry.data.gov.uk/id/region/united-kingdom,K02000001,2011-02,44207,monthly,166415,-0.88,-0.53,87.28,44207,259042,0.3,-0.7,90.03,157919,-1.68,-0.53,88.33,134337,-1.77,-0.47,86.97,142769,0.25,-0.4,82.95,,,,,,,,,,,,,,,,,,,200240,1.07,-0.61,87.76,3678,164131,-1.08,-0.52,87.28,40529,2011-02-01
United Kingdom,http://landregistry.data.gov.uk/id/region/united-kingdom,K02000001,2011-03,52889,monthly,165649,-1.33,-0.46,86.88,52889,258129,-0.02,-0.35,89.71,156617,-1.92,-0.82,87.6,133724,-1.98,-0.46,86.57,142713,-1.02,-0.04,82.91,,,,,,,,,,,,,,,,,,,202012,1.31,0.89,88.53,5857,163175,-1.59,-0.58,86.77,47032,2011-03-01
United Kingdom,http://landregistry.data.gov.uk/id/region/united-kingdom,K02000001,2011-04,57449,monthly,168218,-1.06,1.55,88.23,57449,259704,-0.14,0.61,90.26,159154,-2.04,1.62,89.02,136375,-1.56,1.98,88.29,145543,0.06,1.98,84.56,,,,,,,,,,,,,,,,,,,203129,2.55,0.55,89.02,5330,165855,-1.41,1.64,88.2,52119,2011-04-01
United Kingdom,http://landregistry.data.gov.uk/id/region/united-kingdom,K02000001,2011-05,55691,monthly,167470,-1.98,-0.44,87.83,55691,257725,-1.86,-0.76,89.57,159241,-2.13,0.05,89.07,135373,-2.71,-0.74,87.64,145040,-0.7,-0.35,84.27,,,,,,,,,,,,,,,,,,,203962,2.88,0.41,89.39,5179,164988,-2.43,-0.52,87.74,50512,2011-05-01
United Kingdom,http://landregistry.data.gov.uk/id/region/united-kingdom,K02000001,2011-06,65290,monthly,167753,-2.29,0.17,87.98,65290,257002,-2.02,-0.28,89.32,159732,-2.36,0.31,89.35,136039,-3.15,0.49,88.07,145077,-1.17,0.03,84.29,,,,,,,,,,,,,,,,,,,200625,0.62,-1.64,87.92,9155,165542,-2.58,0.34,88.03,56135,2011-06-01
United Kingdom,http://landregistry.data.gov.uk/id/region/united-kingdom,K02000001,2011-07,70316,monthly,169866,-2.05,1.26,89.09,70316,261398,-2.59,1.71,90.85,160876,-2.55,0.72,89.99,137528,-2.61,1.1,89.03,147675,0.34,1.79,85.8,,,,,,,,,,,,,,,,,,,204686,3.74,2.02,89.7,5283,167512,-2.59,1.19,89.08,65033,2011-07-01
United Kingdom,http://landregistry.data.gov.uk/id/region/united-kingdom,K02000001,2011-08,72144,monthly,169968,-1.99,0.06,89.14,72144,263565,-1.91,0.83,91.6,162048,-2.41,0.73,90.64,137455,-2.18,-0.05,88.99,145046,-1.11,-1.78,84.27,,,,,,,,,,,,,,,,,,,201291,0.35,-1.66,88.22,5220,167878,-2.22,0.22,89.27,66924,2011-08-01
United Kingdom,http://landregistry.data.gov.uk/id/region/united-kingdom,K02000001,2011-09,71811,monthly,169544,-1.98,-0.25,88.92,71811,263033,-1.94,-0.2,91.42,160864,-2.18,-0.73,89.98,137333,-2.38,-0.09,88.91,145316,-1.08,0.19,84.43,,,,,,,,,,,,,,,,,,,200732,-1.06,-0.28,87.97,6507,167463,-2.09,-0.25,89.05,65304,2011-09-01
United Kingdom,http://landregistry.data.gov.uk/id/region/united-kingdom,K02000001,2011-10,65175,monthly,167673,-1.97,-1.1,87.94,65175,261050,-1.6,-0.75,90.73,159782,-2.11,-0.67,89.37,135106,-2.57,-1.62,87.47,143274,-1.27,-1.4,83.24,,,,,,,,,,,,,,,,,,,200525,-0.66,-0.1,87.88,5458,165463,-2.11,-1.19,87.99,59717,2011-10-01
United Kingdom,http://landregistry.data.gov.uk/id/region/united-kingdom,K02000001,2011-11,67798,monthly,167757,-0.74,0.05,87.99,67798,259857,-1.38,-0.46,90.31,159722,-1.0,-0.04,89.34,134893,-0.99,-0.16,87.33,144974,0.94,1.19,84.23,,,,,,,,,,,,,,,,,,,202384,2.25,0.93,88.7,6395,165414,-1.04,-0.03,87.96,61403,2011-11-01
United Kingdom,http://landregistry.data.gov.uk/id/region/united-kingdom,K02000001,2011-12,70770,monthly,167048,-0.98,-0.42,87.61,70770,256911,-1.32,-1.13,89.29,159321,-1.04,-0.25,89.12,135042,-1.36,0.11,87.42,144095,0.17,-0.61,83.72,,,,,,,,,,,,,,,,,,,200523,-0.78,-0.92,87.88,9184,164790,-1.02,-0.38,87.63,61586,2011-12-01
United Kingdom,http://landregistry.data.gov.uk/id/region/united-kingdom,K02000001,2012-01,49493,monthly,165908,-0.83,-0.68,87.02,49493,256484,-1.68,-0.17,89.14,158399,-0.23,-0.58,88.6,133953,-0.75,-0.81,86.72,142151,-0.83,-1.35,82.59,,,,,,,,,,,,,,,,,,,198148,-1.64,-1.18,86.84,3783,163702,-0.78,-0.66,87.05,45711,2012-01-01
United Kingdom,http://landregistry.data.gov.uk/id/region/united-kingdom,K02000001,2012-02,50099,monthly,165457,-0.58,-0.27,86.78,50099,255828,-1.24,-0.26,88.91,157793,-0.08,-0.38,88.26,134143,-0.14,0.14,86.84,141034,-1.22,-0.79,81.94,,,,,,,,,,,,,,,,,,,197680,-1.28,-0.24,86.63,4324,163251,-0.54,-0.28,86.81,45776,2012-02-01
United Kingdom,http://landregistry.data.gov.uk/id/region/united-kingdom,K02000001,2012-03,69452,monthly,165947,0.18,0.3,87.04,69452,252632,-2.13,-1.25,87.8,158344,1.1,0.35,88.57,135297,1.18,0.86,87.59,142999,0.2,1.39,83.08,,,,,,,,,,,,,,,,,,,200196,-0.9,1.27,87.74,8340,163579,0.25,0.2,86.99,61113,2012-03-01
United Kingdom,http://landregistry.data.gov.uk/id/region/united-kingdom,K02000001,2012-04,50094,monthly,167854,-0.22,1.15,88.04,50094,258688,-0.39,2.4,89.91,159306,0.1,0.61,89.11,135656,-0.53,0.27,87.82,145481,-0.04,1.74,84.52,,,,,,,,,,,,,,,,,,,201222,-0.94,0.51,88.19,4900,165561,-0.18,1.21,88.04,45194,2012-04-01
United Kingdom,http://landregistry.data.gov.uk/id/region/united-kingdom,K02000001,2012-05,59800,monthly,168395,0.55,0.32,88.32,59800,258344,0.24,-0.13,89.79,159939,0.44,0.4,89.46,136422,0.78,0.56,88.32,146107,0.74,0.43,84.89,,,,,,,,,,,,,,,,,,,201347,-1.28,0.06,88.24,6069,166137,0.7,0.35,88.35,53731,2012-05-01
United Kingdom,http://landregistry.data.gov.uk/id/region/united-kingdom,K02000001,2012-06,68568,monthly,170049,1.37,0.98,89.19,68568,258978,0.77,0.25,90.01,161026,0.81,0.68,90.07,139132,2.27,1.99,90.07,147312,1.54,0.82,85.59,,,,,,,,,,,,,,,,,,,201691,0.53,0.17,88.39,10255,167901,1.43,1.06,89.28,58313,2012-06-01
United Kingdom,http://landregistry.data.gov.uk/id/region/united-kingdom,K02000001,2012-07,66631,monthly,170701,0.49,0.38,89.53,66631,262303,0.35,1.28,91.16,161716,0.52,0.43,90.45,138737,0.88,-0.28,89.82,147598,-0.05,0.19,85.75,,,,,,,,,,,,,,,,,,,198061,-3.24,-1.8,86.8,4827,168907,0.83,0.6,89.82,61804,2012-07-01
United Kingdom,http://landregistry.data.gov.uk/id/region/united-kingdom,K02000001,2012-08,73921,monthly,170902,0.55,0.12,89.63,73921,261806,-0.67,-0.19,90.99,162361,0.19,0.4,90.82,139531,1.51,0.57,90.33,146690,1.13,-0.62,85.23,,,,,,,,,,,,,,,,,,,199535,-0.87,0.74,87.45,5860,169003,0.67,0.06,89.87,68061,2012-08-01
United Kingdom,http://landregistry.data.gov.uk/id/region/united-kingdom,K02000001,2012-09,60043,monthly,170295,0.44,-0.36,89.32,60043,261237,-0.68,-0.22,90.79,161318,0.28,-0.64,90.23,138796,1.07,-0.53,89.86,146935,1.11,0.17,85.37,,,,,,,,,,,,,,,,,,,200697,-0.02,0.58,87.96,6276,168248,0.47,-0.45,89.47,53767,2012-09-01
United Kingdom,http://landregistry.data.gov.uk/id/region/united-kingdom,K02000001,2012-10,66842,monthly,169090,0.84,-0.71,88.68,66842,259000,-0.79,-0.86,90.01,160378,0.37,-0.58,89.71,137277,1.61,-1.09,88.87,146820,2.48,-0.08,85.3,,,,,,,,,,,,,,,,,,,203254,1.36,1.27,89.08,5991,166734,0.77,-0.9,88.66,60851,2012-10-01
United Kingdom,http://landregistry.data.gov.uk/id/region/united-kingdom,K02000001,2012-11,72293,monthly,169227,0.88,0.08,88.76,72293,259437,-0.16,0.17,90.17,160799,0.67,0.26,89.94,137882,2.22,0.44,89.26,145538,0.39,-0.87,84.56,,,,,,,,,,,,,,,,,,,204624,1.11,0.67,89.68,6729,166774,0.82,0.02,88.69,65564,2012-11-01
United Kingdom,http://landregistry.data.gov.uk/id/region/united-kingdom,K02000001,2012-12,63795,monthly,168843,1.07,-0.23,88.55,63795,258319,0.55,-0.43,89.78,159967,0.41,-0.52,89.48,137659,1.94,-0.16,89.12,146086,1.38,0.38,84.87,,,,,,,,,,,,,,,,,,,205072,2.27,0.22,89.87,9184,166323,0.93,-0.27,88.45,54611,2012-12-01
United Kingdom,http://landregistry.data.gov.uk/id/region/united-kingdom,K02000001,2013-01,49129,monthly,167716,1.09,-0.67,87.96,49129,257092,0.24,-0.48,89.35,159796,0.88,-0.11,89.38,135862,1.43,-1.31,87.96,145176,2.13,-0.62,84.35,,,,,,,,,,,,,,,,,,,197526,-0.31,-3.68,86.57,3777,165709,1.23,-0.37,88.12,45352,2013-01-01
United Kingdom,http://landregistry.data.gov.uk/id/region/united-kingdom,K02000001,2013-02,50648,monthly,167682,1.34,-0.02,87.95,50648,256804,0.38,-0.11,89.25,159123,0.84,-0.42,89.0,136339,1.64,0.35,88.26,145327,3.04,0.1,84.43,,,,,,,,,,,,,,,,,,,199052,0.69,0.77,87.24,4435,165548,1.41,-0.1,88.03,46213,2013-02-01
United Kingdom,http://landregistry.data.gov.uk/id/region/united-kingdom,K02000001,2013-03,62193,monthly,168681,1.65,0.6,88.47,62193,259167,2.59,0.92,90.07,159789,0.91,0.42,89.38,136899,1.18,0.41,88.63,146369,2.36,0.72,85.04,,,,,,,,,,,,,,,,,,,204518,2.16,2.75,89.63,7495,166188,1.59,0.39,88.37,54698,2013-03-01
United Kingdom,http://landregistry.data.gov.uk/id/region/united-kingdom,K02000001,2013-04,58521,monthly,170335,1.48,0.98,89.34,58521,260450,0.68,0.5,90.52,161107,1.13,0.82,90.11,138400,2.02,1.1,89.6,148799,2.28,1.66,86.45,,,,,,,,,,,,,,,,,,,205511,2.13,0.49,90.07,5810,167898,1.41,1.03,89.28,52711,2013-04-01
United Kingdom,http://landregistry.data.gov.uk/id/region/united-kingdom,K02000001,2013-05,75384,monthly,171234,1.69,0.53,89.81,75384,260496,0.83,0.02,90.53,162195,1.41,0.68,90.72,139303,2.11,0.65,90.18,149967,2.64,0.79,87.13,,,,,,,,,,,,,,,,,,,204947,1.79,-0.27,89.82,7147,168916,1.67,0.61,89.82,68237,2013-05-01
United Kingdom,http://landregistry.data.gov.uk/id/region/united-kingdom,K02000001,2013-06,75229,monthly,172655,1.53,0.83,90.55,75229,262270,1.27,0.68,91.15,163344,1.44,0.71,91.37,141073,1.39,1.27,91.33,150741,2.33,0.52,87.58,,,,,,,,,,,,,,,,,,,205803,2.04,0.42,90.19,11755,170386,1.48,0.87,90.61,63474,2013-06-01
United Kingdom,http://landregistry.data.gov.uk/id/region/united-kingdom,K02000001,2013-07,82886,monthly,174592,2.28,1.12,91.57,82886,265844,1.35,1.36,92.39,164829,1.93,0.91,92.2,142178,2.48,0.78,92.04,153218,3.81,1.64,89.02,,,,,,,,,,,,,,,,,,,206262,4.14,0.22,90.4,5740,172447,2.1,1.21,91.7,77146,2013-07-01
United Kingdom,http://landregistry.data.gov.uk/id/region/united-kingdom,K02000001,2013-08,89695,monthly,175982,2.97,0.8,92.3,89695,267844,2.31,0.75,93.09,166652,2.64,1.11,93.22,143387,2.76,0.85,92.83,153718,4.79,0.33,89.31,,,,,,,,,,,,,,,,,,,207365,3.92,0.53,90.88,7274,173864,2.88,0.82,92.46,82421,2013-08-01
United Kingdom,http://landregistry.data.gov.uk/id/region/united-kingdom,K02000001,2013-09,79217,monthly,176098,3.41,0.07,92.36,79217,269322,3.09,0.55,93.6,165787,2.77,-0.52,92.73,143200,3.17,-0.13,92.71,154614,5.23,0.58,89.83,,,,,,,,,,,,,,,,,,,211295,5.28,1.9,92.6,7828,173668,3.22,-0.11,92.35,71389,2013-09-01
United Kingdom,http://landregistry.data.gov.uk/id/region/united-kingdom,K02000001,2013-10,88422,monthly,175378,3.72,-0.41,91.98,88422,269006,3.86,-0.12,93.49,165631,3.28,-0.09,92.64,141771,3.27,-1.0,91.78,154123,4.97,-0.32,89.54,,,,,,,,,,,,,,,,,,,210827,3.73,-0.22,92.4,7570,172928,3.71,-0.43,91.96,80852,2013-10-01
United Kingdom,http://landregistry.data.gov.uk/id/region/united-kingdom,K02000001,2013-11,95708,monthly,176352,4.21,0.55,92.49,95708,268579,3.52,-0.16,93.34,166891,3.79,0.76,93.35,142982,3.7,0.85,92.57,155243,6.67,0.73,90.19,,,,,,,,,,,,,,,,,,,212046,3.63,0.58,92.93,8709,173884,4.26,0.55,92.47,86999,2013-11-01
United Kingdom,http://landregistry.data.gov.uk/id/region/united-kingdom,K02000001,2013-12,90540,monthly,177971,5.41,0.92,93.34,90540,268317,3.87,-0.1,93.25,168160,5.12,0.76,94.06,144659,5.08,1.17,93.65,158479,8.48,2.08,92.07,,,,,,,,,,,,,,,,,,,216973,5.8,2.32,95.09,12186,175242,5.36,0.78,93.19,78354,2013-12-01
United Kingdom,http://landregistry.data.gov.uk/id/region/united-kingdom,K02000001,2014-01,75540,monthly,178182,6.24,0.12,93.45,75540,270720,5.3,0.9,94.09,167392,4.75,-0.46,93.63,144370,6.26,-0.2,93.46,159722,10.02,0.78,92.8,,,,,,,,,,,,,,,,,,,213026,7.85,-1.82,93.36,5292,175785,6.08,0.31,93.48,70248,2014-01-01
United Kingdom,http://landregistry.data.gov.uk/id/region/united-kingdom,K02000001,2014-02,74421,monthly,178921,6.7,0.41,93.84,74421,271506,5.73,0.29,94.36,168438,5.85,0.63,94.21,145024,6.37,0.45,93.89,160105,10.17,0.24,93.02,,,,,,,,,,,,,,,,,,,216625,8.83,1.69,94.94,6376,176293,6.49,0.29,93.75,68045,2014-02-01
United Kingdom,http://landregistry.data.gov.uk/id/region/united-kingdom,K02000001,2014-03,78289,monthly,179537,6.44,0.34,94.16,78289,270650,4.43,-0.32,94.06,169111,5.83,0.4,94.59,145778,6.49,0.52,94.38,161382,10.26,0.8,93.76,,,,,,,,,,,,,,,,,,,216873,6.04,0.11,95.05,8565,176939,6.47,0.37,94.09,69724,2014-03-01
United Kingdom,http://landregistry.data.gov.uk/id/region/united-kingdom,K02000001,2014-04,82048,monthly,183532,7.75,2.23,96.26,82048,276553,6.18,2.18,96.11,172427,7.03,1.96,96.45,149407,7.95,2.49,96.72,164991,10.88,2.24,95.86,,,,,,,,,,,,,,,,,,,221586,7.82,2.17,97.11,7597,180885,7.74,2.23,96.19,74451,2014-04-01
United Kingdom,http://landregistry.data.gov.uk/id/region/united-kingdom,K02000001,2014-05,90739,monthly,185476,8.32,1.06,97.28,90739,278160,6.78,0.58,96.67,174092,7.34,0.97,97.38,151064,8.44,1.11,97.8,167752,11.86,1.67,97.46,,,,,,,,,,,,,,,,,,,225552,10.05,1.79,98.85,8667,182671,8.14,0.99,97.14,82072,2014-05-01
United Kingdom,http://landregistry.data.gov.uk/id/region/united-kingdom,K02000001,2014-06,93994,monthly,187077,8.35,0.86,98.12,93994,280105,6.8,0.7,97.35,175845,7.65,1.01,98.36,152236,7.91,0.78,98.56,169426,12.4,1.0,98.43,,,,,,,,,,,,,,,,,,,224827,9.24,-0.32,98.53,13801,184465,8.26,0.98,98.09,80193,2014-06-01
United Kingdom,http://landregistry.data.gov.uk/id/region/united-kingdom,K02000001,2014-07,97288,monthly,189709,8.66,1.41,99.5,97288,284928,7.18,1.72,99.03,177787,7.86,1.1,99.44,154639,8.76,1.58,100.11,171422,11.88,1.18,99.59,,,,,,,,,,,,,,,,,,,225590,9.37,0.34,98.87,7417,187256,8.59,1.51,99.58,89871,2014-07-01
United Kingdom,http://landregistry.data.gov.uk/id/region/united-kingdom,K02000001,2014-08,101680,monthly,191932,9.06,1.17,100.66,101680,288373,7.66,1.21,100.22,179963,7.99,1.22,100.66,156321,9.02,1.09,101.2,173448,12.84,1.18,100.77,,,,,,,,,,,,,,,,,,,226507,9.23,0.41,99.27,7990,189593,9.05,1.25,100.82,93690,2014-08-01
United Kingdom,http://landregistry.data.gov.uk/id/region/united-kingdom,K02000001,2014-09,90912,monthly,192138,9.11,0.11,100.77,90912,288877,7.26,0.17,100.4,179689,8.39,-0.15,100.51,156380,9.2,0.04,101.24,174245,12.7,0.46,101.23,,,,,,,,,,,,,,,,,,,226837,7.36,0.15,99.41,8653,189789,9.28,0.1,100.92,82259,2014-09-01
United Kingdom,http://landregistry.data.gov.uk/id/region/united-kingdom,K02000001,2014-10,100184,monthly,191855,9.39,-0.15,100.62,100184,289113,7.47,0.08,100.48,179798,8.55,0.06,100.57,155607,9.76,-0.49,100.74,173923,12.85,-0.18,101.05,,,,,,,,,,,,,,,,,,,228129,8.21,0.57,99.98,8861,189375,9.51,-0.22,100.7,91323,2014-10-01
United Kingdom,http://landregistry.data.gov.uk/id/region/united-kingdom,K02000001,2014-11,86142,monthly,191209,8.43,-0.34,100.29,86142,288437,7.39,-0.23,100.25,179485,7.55,-0.17,100.39,154937,8.36,-0.43,100.3,173004,11.44,-0.53,100.51,,,,,,,,,,,,,,,,,,,225875,6.52,-0.99,98.99,8266,188861,8.61,-0.27,100.43,77876,2014-11-01
United Kingdom,http://landregistry.data.gov.uk/id/region/united-kingdom,K02000001,2014-12,88917,monthly,191669,7.7,0.24,100.53,88917,288610,7.56,0.06,100.31,179502,6.75,0.01,100.4,155463,7.47,0.34,100.65,174054,9.83,0.61,101.12,,,,,,,,,,,,,,,,,,,230732,6.34,2.15,101.12,12377,188961,7.83,0.05,100.48,76540,2014-12-01
United Kingdom,http://landregistry.data.gov.uk/id/region/united-kingdom,K02000001,2015-01,66819,monthly,190665,7.01,-0.52,100.0,66819,287731,6.28,-0.3,100.0,178781,6.8,-0.4,100.0,154466,6.99,-0.64,100.0,172120,7.76,-1.11,100.0,,,,,,,,,,,,,,,,,,,228178,7.11,-1.11,100.0,5118,188052,6.98,-0.48,100.0,61701,2015-01-01
United Kingdom,http://landregistry.data.gov.uk/id/region/united-kingdom,K02000001,2015-02,67070,monthly,190827,6.65,0.09,100.09,67070,288206,6.15,0.17,100.17,178681,6.08,-0.06,99.94,154721,6.69,0.16,100.16,172211,7.56,0.05,100.05,,,,,,,,,,,,,,,,,,,229913,6.13,0.76,100.76,5872,188115,6.71,0.03,100.03,61198,2015-02-01
United Kingdom,http://landregistry.data.gov.uk/id/region/united-kingdom,K02000001,2015-03,77669,monthly,191537,6.68,0.37,100.46,77669,291244,7.61,1.05,101.22,179440,6.11,0.42,100.37,154398,5.91,-0.21,99.96,172814,7.08,0.35,100.4,,,,,,,,,,,,,,,,,,,230983,6.51,0.47,101.23,9335,188802,6.7,0.37,100.4,68334,2015-03-01
United Kingdom,http://landregistry.data.gov.uk/id/region/united-kingdom,K02000001,2015-04,75240,monthly,193225,5.28,0.88,101.34,75240,290900,5.19,-0.12,101.1,181200,5.09,0.98,101.35,157103,5.15,1.75,101.71,173968,5.44,0.67,101.07,,,,,,,,,,,,,,,,,,,231139,4.31,0.07,101.3,8538,190584,5.36,0.94,101.35,66702,2015-04-01
United Kingdom,http://landregistry.data.gov.uk/id/region/united-kingdom,K02000001,2015-05,86144,monthly,195313,5.3,1.08,102.44,86144,292765,5.25,0.64,101.75,183485,5.4,1.26,102.63,158540,4.95,0.91,102.64,176820,5.41,1.64,102.73,,,,,,,,,,,,,,,,,,,232028,2.87,0.38,101.69,9851,192745,5.51,1.13,102.5,76293,2015-05-01
United Kingdom,http://landregistry.data.gov.uk/id/region/united-kingdom,K02000001,2015-06,96979,monthly,196802,5.2,0.76,103.22,96979,295273,5.42,0.86,102.62,185011,5.21,0.83,103.48,160538,5.45,1.26,103.93,176467,4.16,-0.2,102.53,,,,,,,,,,,,,,,,,,,229725,2.18,-0.99,100.68,15563,194475,5.43,0.9,103.42,81416,2015-06-01
United Kingdom,http://landregistry.data.gov.uk/id/region/united-kingdom,K02000001,2015-07,106216,monthly,200142,5.5,1.7,104.97,106216,300451,5.45,1.75,104.42,187831,5.65,1.52,105.06,162773,5.26,1.39,105.38,180567,5.33,2.32,104.91,,,,,,,,,,,,,,,,,,,236247,4.72,2.84,103.54,8891,197607,5.53,1.61,105.08,97325,2015-07-01
United Kingdom,http://landregistry.data.gov.uk/id/region/united-kingdom,K02000001,2015-08,96533,monthly,201973,5.23,0.92,105.93,96533,304063,5.44,1.2,105.68,189427,5.26,0.85,105.95,164257,5.08,0.91,106.34,181747,4.78,0.65,105.59,,,,,,,,,,,,,,,,,,,236151,4.26,-0.04,103.49,8607,199560,5.26,0.99,106.12,87926,2015-08-01
United Kingdom,http://landregistry.data.gov.uk/id/region/united-kingdom,K02000001,2015-09,94554,monthly,202389,5.34,0.21,106.15,94554,306359,6.05,0.76,106.47,189114,5.25,-0.17,105.78,164097,4.93,-0.1,106.23,182638,4.82,0.49,106.11,,,,,,,,,,,,,,,,,,,237132,4.54,0.42,103.92,9844,199939,5.35,0.19,106.32,84710,2015-09-01
United Kingdom,http://landregistry.data.gov.uk/id/region/united-kingdom,K02000001,2015-10,104451,monthly,202664,5.63,0.14,106.29,104451,305629,5.71,-0.24,106.22,190131,5.75,0.54,106.35,164702,5.84,0.37,106.63,182108,4.71,-0.29,105.8,,,,,,,,,,,,,,,,,,,239489,4.98,0.99,104.96,9427,200080,5.65,0.07,106.4,95028,2015-10-01
United Kingdom,http://landregistry.data.gov.uk/id/region/united-kingdom,K02000001,2015-11,93854,monthly,204223,6.81,0.77,107.11,93854,308059,6.8,0.79,107.06,191457,6.67,0.7,107.09,165658,6.92,0.58,107.25,184151,6.44,1.12,106.99,,,,,,,,,,,,,,,,,,,240266,6.37,0.32,105.3,8374,201687,6.79,0.8,107.25,85484,2015-11-01
United Kingdom,http://landregistry.data.gov.uk/id/region/united-kingdom,K02000001,2015-12,94397,monthly,204920,6.91,0.34,107.48,94397,309668,7.3,0.52,107.62,191954,6.94,0.26,107.37,166244,6.93,0.35,107.62,184535,6.02,0.21,107.21,,,,,,,,,,,,,,,,,,,247199,7.14,2.89,108.34,11657,201989,6.89,0.15,107.41,82744,2015-12-01
United Kingdom,http://landregistry.data.gov.uk/id/region/united-kingdom,K02000001,2016-01,70959,monthly,205464,7.76,0.27,107.76,70959,308888,7.35,-0.25,107.35,193058,7.99,0.58,107.99,166316,7.67,0.04,107.67,186070,8.1,0.83,108.1,,,,,,,,,,,,,,,,,,,245036,7.39,-0.87,107.39,5198,202699,7.79,0.35,107.79,65743,2016-01-01
United Kingdom,http://landregistry.data.gov.uk/id/region/united-kingdom,K02000001,2016-02,75907,monthly,205555,7.72,0.04,107.81,75907,310064,7.58,0.38,107.76,191992,7.45,-0.55,107.39,166710,7.75,0.24,107.93,186328,8.2,0.14,108.25,,,,,,,,,,,,,,,,,,,248816,8.22,1.54,109.04,5961,202560,7.68,-0.07,107.72,69928,2016-02-01
United Kingdom,http://landregistry.data.gov.uk/id/region/united-kingdom,K02000001,2016-03,138124,monthly,207667,8.42,1.03,108.92,138124,315018,8.16,1.6,109.48,192668,7.37,0.35,107.77,167748,8.65,0.62,108.6,189784,9.82,1.85,110.26,,,,,,,,,,,,,,,,,,,252120,9.15,1.33,110.49,10737,204595,8.36,1.0,108.8,127369,2016-03-01
United Kingdom,http://landregistry.data.gov.uk/id/region/united-kingdom,K02000001,2016-04,63854,monthly,208443,7.88,0.37,109.32,63854,311664,7.14,-1.06,108.32,195838,8.08,1.65,109.54,170071,8.25,1.39,110.1,187786,7.94,-1.05,109.1,,,,,,,,,,,,,,,,,,,255654,10.61,1.4,112.04,8583,205200,7.67,0.3,109.12,55271,2016-04-01
United Kingdom,http://landregistry.data.gov.uk/id/region/united-kingdom,K02000001,2016-05,72174,monthly,210872,7.97,1.17,110.6,72174,312710,6.81,0.34,108.68,197445,7.61,0.82,110.44,172087,8.54,1.19,111.41,192744,9.01,2.64,111.98,,,,,,,,,,,,,,,,,,,262502,13.13,2.68,115.04,8664,207357,7.58,1.05,110.27,63510,2016-05-01
United Kingdom,http://landregistry.data.gov.uk/id/region/united-kingdom,K02000001,2016-06,88475,monthly,212887,8.17,0.96,111.65,88475,319683,8.27,2.23,111.1,199148,7.64,0.86,111.39,173343,7.98,0.73,112.22,192478,9.07,-0.14,111.83,,,,,,,,,,,,,,,,,,,256582,11.69,-2.26,112.45,14440,209853,7.91,1.2,111.59,74035,2016-06-01
United Kingdom,http://landregistry.data.gov.uk/id/region/united-kingdom,K02000001,2016-07,93197,monthly,215127,7.49,1.05,112.83,93197,321284,6.93,0.5,111.66,201502,7.28,1.18,112.71,175506,7.82,1.25,113.62,194913,7.94,1.26,113.24,,,,,,,,,,,,,,,,,,,258256,9.32,0.65,113.18,8412,212125,7.35,1.08,112.8,84802,2016-07-01
United Kingdom,http://landregistry.data.gov.uk/id/region/united-kingdom,K02000001,2016-08,94407,monthly,215145,6.52,0.01,112.84,94407,322479,6.06,0.37,112.08,201565,6.41,0.03,112.74,175221,6.67,-0.16,113.44,194503,7.02,-0.21,113.0,,,,,,,,,,,,,,,,,,,257206,8.92,-0.41,112.72,8695,212210,6.34,0.04,112.85,85712,2016-08-01
United Kingdom,http://landregistry.data.gov.uk/id/region/united-kingdom,K02000001,2016-09,91720,monthly,214816,6.14,-0.15,112.67,91720,323250,5.51,0.24,112.34,201442,6.52,-0.06,112.68,174173,6.14,-0.6,112.76,194350,6.41,-0.08,112.92,,,,,,,,,,,,,,,,,,,258078,8.83,0.34,113.1,10247,211807,5.94,-0.19,112.63,81473,2016-09-01
United Kingdom,http://landregistry.data.gov.uk/id/region/united-kingdom,K02000001,2016-10,85296,monthly,214107,5.65,-0.33,112.29,85296,323441,5.83,0.06,112.41,200703,5.56,-0.37,112.26,172619,4.81,-0.89,111.75,194540,6.83,0.1,113.03,,,,,,,,,,,,,,,,,,,262036,9.41,1.53,114.84,9631,210810,5.36,-0.47,112.1,75665,2016-10-01
United Kingdom,http://landregistry.data.gov.uk/id/region/united-kingdom,K02000001,2016-11,88926,monthly,215113,5.33,0.47,112.82,88926,326020,5.83,0.8,113.31,201403,5.19,0.35,112.65,173104,4.49,0.28,112.07,195545,6.19,0.52,113.61,,,,,,,,,,,,,,,,,,,262620,9.3,0.22,115.09,10138,211841,5.03,0.49,112.65,78695,2016-11-01
United Kingdom,http://landregistry.data.gov.uk/id/region/united-kingdom,K02000001,2016-12,94685,monthly,215500,5.16,0.18,113.03,94685,325270,5.04,-0.23,113.05,201622,5.04,0.11,112.78,174168,4.77,0.61,112.75,195784,6.1,0.12,113.75,,,,,,,,,,,,,,,,,,,263097,6.43,0.18,115.3,15207,212221,5.07,0.18,112.85,79478,2016-12-01
United Kingdom,http://landregistry.data.gov.uk/id/region/united-kingdom,K02000001,2017-01,68663,monthly,215243,4.76,-0.12,112.89,68663,325619,5.42,0.11,113.17,201371,4.31,-0.12,112.64,173379,4.25,-0.45,112.24,196013,5.34,0.12,113.88,,,,,,,,,,,,,,,,,,,267534,9.18,1.69,117.25,6159,211679,4.43,-0.26,112.56,62504,2017-01-01
United Kingdom,http://landregistry.data.gov.uk/id/region/united-kingdom,K02000001,2017-02,71432,monthly,215697,4.93,0.21,113.13,71432,325218,4.89,-0.12,113.03,201056,4.72,-0.16,112.46,173744,4.22,0.21,112.48,198126,6.33,1.08,115.11,,,,,,,,,,,,,,,,,,,265446,6.68,-0.78,116.33,7128,212272,4.79,0.28,112.88,64304,2017-02-01
United Kingdom,http://landregistry.data.gov.uk/id/region/united-kingdom,K02000001,2017-03,89388,monthly,215236,3.64,-0.21,112.89,89388,325874,3.45,0.2,113.26,201311,4.49,0.13,112.6,173148,3.22,-0.34,112.09,196252,3.41,-0.95,114.02,,,,,,,,,,,,,,,,,,,265300,5.23,-0.05,116.27,11687,211795,3.52,-0.22,112.63,77701,2017-03-01
United Kingdom,http://landregistry.data.gov.uk/id/region/united-kingdom,K02000001,2017-04,75980,monthly,218642,4.89,1.58,114.67,75980,329988,5.88,1.26,114.69,204170,4.25,1.42,114.2,176204,3.61,1.76,114.07,199988,6.5,1.9,116.19,,,,,,,,,,,,,,,,,,,267127,4.49,0.69,117.07,8723,215277,4.91,1.64,114.48,67257,2017-04-01
United Kingdom,http://landregistry.data.gov.uk/id/region/united-kingdom,K02000001,2017-05,83671,monthly,219954,4.31,0.6,115.36,83671,328946,5.19,-0.32,114.32,206214,4.44,1.0,115.34,177040,2.88,0.47,114.61,202657,5.14,1.33,117.74,,,,,,,,,,,,,,,,,,,268762,2.38,0.61,117.79,10081,216567,4.44,0.6,115.16,73590,2017-05-01
United Kingdom,http://landregistry.data.gov.uk/id/region/united-kingdom,K02000001,2017-06,101940,monthly,221833,4.2,0.85,116.35,101940,332404,3.98,1.05,115.53,207393,4.14,0.57,116.0,179414,3.5,1.34,116.15,203274,5.61,0.3,118.1,,,,,,,,,,,,,,,,,,,267828,4.38,-0.35,117.38,16341,218599,4.17,0.94,116.24,85599,2017-06-01
United Kingdom,http://landregistry.data.gov.uk/id/region/united-kingdom,K02000001,2017-07,92257,monthly,224719,4.46,1.3,117.86,92257,336938,4.87,1.36,117.1,210202,4.32,1.35,117.58,181323,3.31,1.06,117.39,206314,5.85,1.5,119.87,,,,,,,,,,,,,,,,,,,273108,5.75,1.97,119.69,8443,221342,4.34,1.25,117.7,83813,2017-07-01
United Kingdom,http://landregistry.data.gov.uk/id/region/united-kingdom,K02000001,2017-08,98938,monthly,225738,4.92,0.45,118.4,98938,338448,4.95,0.45,117.63,211006,4.68,0.38,118.03,183039,4.46,0.95,118.5,206014,5.92,-0.15,119.69,,,,,,,,,,,,,,,,,,,271839,5.69,-0.46,119.13,8635,222487,4.84,0.52,118.31,90302,2017-08-01
United Kingdom,http://landregistry.data.gov.uk/id/region/united-kingdom,K02000001,2017-09,94287,monthly,224895,4.69,-0.37,117.95,94287,339644,5.07,0.35,118.04,210544,4.52,-0.22,117.77,181852,4.41,-0.65,117.73,203916,4.92,-1.02,118.47,,,,,,,,,,,,,,,,,,,273440,5.95,0.59,119.84,10703,221509,4.58,-0.44,117.79,83583,2017-09-01
United Kingdom,http://landregistry.data.gov.uk/id/region/united-kingdom,K02000001,2017-10,92827,monthly,225092,5.13,0.09,118.06,92827,340120,5.16,0.14,118.21,211681,5.47,0.54,118.4,181620,5.21,-0.13,117.58,203418,4.56,-0.24,118.18,,,,,,,,,,,,,,,,,,,275264,5.05,0.67,120.64,10121,221593,5.11,0.04,117.84,82707,2017-10-01
United Kingdom,http://landregistry.data.gov.uk/id/region/united-kingdom,K02000001,2017-11,92234,monthly,224453,4.34,-0.28,117.72,92234,338270,3.76,-0.54,117.56,210962,4.75,-0.34,118.0,181145,4.64,-0.26,117.27,203535,4.09,0.06,118.25,,,,,,,,,,,,,,,,,,,270543,3.02,-1.71,118.57,10712,221183,4.41,-0.18,117.62,81523,2017-11-01
United Kingdom,http://landregistry.data.gov.uk/id/region/united-kingdom,K02000001,2017-12,91613,monthly,225330,4.56,0.39,118.18,91613,339309,4.32,0.31,117.93,212011,5.15,0.5,118.59,182532,4.8,0.77,118.17,203174,3.77,-0.18,118.04,,,,,,,,,,,,,,,,,,,273244,3.86,1.0,119.75,15176,221955,4.59,0.35,118.03,76438,2017-12-01
United Kingdom,http://landregistry.data.gov.uk/id/region/united-kingdom,K02000001,2018-01,68243,monthly,224544,4.32,-0.35,117.77,68243,339693,4.32,0.11,118.06,211153,4.86,-0.4,118.11,180114,4.22,-1.0,117.0,204664,3.77,0.12,118.17,,,,,,,,,,,,,,,,,,,279503,4.37,2.19,122.36,6607,220815,4.32,-0.51,117.43,61636,2018-01-01
United Kingdom,http://landregistry.data.gov.uk/id/region/united-kingdom,K02000001,2018-02,69000,monthly,225131,4.37,0.26,118.08,69000,341648,5.05,0.58,118.74,211191,5.04,0.02,118.13,180931,4.48,0.45,117.53,204539,2.59,-0.06,118.09,,,,,,,,,,,,,,,,,,,288779,8.68,3.32,126.42,7927,220552,3.9,-0.12,117.29,61073,2018-02-01
United Kingdom,http://landregistry.data.gov.uk/id/region/united-kingdom,K02000001,2018-03,81851,monthly,223772,3.97,-0.6,117.36,81851,339364,4.14,-0.67,117.94,210734,4.68,-0.22,117.87,180601,4.64,-0.18,117.32,201236,1.91,-1.61,116.19,,,,,,,,,,,,,,,,,,,277047,4.32,-4.06,121.28,11603,220206,3.97,-0.16,117.1,70248,2018-03-01
United Kingdom,http://landregistry.data.gov.uk/id/region/united-kingdom,K02000001,2018-04,71864,monthly,225910,3.32,0.96,118.49,71864,340713,3.25,0.4,118.41,212988,4.32,1.07,119.13,182903,4.12,1.27,118.81,203360,1.09,1.06,117.41,,,,,,,,,,,,,,,,,,,281348,5.22,1.55,123.17,8934,222146,3.19,0.88,118.13,62930,2018-04-01
United Kingdom,http://landregistry.data.gov.uk/id/region/united-kingdom,K02000001,2018-05,81587,monthly,226834,3.13,0.41,118.97,81587,342550,4.14,0.54,119.05,213842,3.7,0.4,119.61,183523,3.98,0.34,119.21,204081,0.1,0.35,117.83,,,,,,,,,,,,,,,,,,,277067,2.98,-1.52,121.29,9935,223602,3.25,0.66,118.91,71652,2018-05-01
United Kingdom,http://landregistry.data.gov.uk/id/region/united-kingdom,K02000001,2018-06,96021,monthly,228355,2.94,0.67,119.77,96021,343977,3.48,0.42,119.55,215937,4.12,0.98,120.78,184302,3.05,0.42,119.72,205940,0.7,0.91,118.9,,,,,,,,,,,,,,,,,,,279066,4.09,0.72,122.17,17798,225088,2.97,0.66,119.7,78223,2018-06-01
United Kingdom,http://landregistry.data.gov.uk/id/region/united-kingdom,K02000001,2018-07,89224,monthly,231187,2.88,1.24,121.25,89224,350350,3.98,1.85,121.76,217959,3.69,0.94,121.91,186849,3.39,1.38,121.38,207383,-0.12,0.7,119.74,,,,,,,,,,,,,,,,,,,283249,3.61,1.5,124.0,8718,227810,2.92,1.21,121.14,80506,2018-07-01
United Kingdom,http://landregistry.data.gov.uk/id/region/united-kingdom,K02000001,2018-08,102001,monthly,231898,2.73,0.31,121.63,102001,350964,3.7,0.18,121.98,218970,3.77,0.46,122.48,187871,2.99,0.55,122.04,207243,-0.04,-0.07,119.66,,,,,,,,,,,,,,,,,,,285880,5.06,0.93,125.15,9543,228331,2.63,0.23,121.42,92458,2018-08-01
United Kingdom,http://landregistry.data.gov.uk/id/region/united-kingdom,K02000001,2018-09,83602,monthly,231454,2.92,-0.19,121.39,83602,351794,3.58,0.24,122.26,218879,3.96,-0.04,122.43,187079,3.22,-0.42,121.52,206000,0.39,-0.6,118.94,,,,,,,,,,,,,,,,,,,282432,3.18,-1.21,123.64,10354,228190,3.02,-0.06,121.35,73248,2018-09-01
United Kingdom,http://landregistry.data.gov.uk/id/region/united-kingdom,K02000001,2018-10,92636,monthly,231211,2.72,-0.1,121.27,92636,351859,3.45,0.02,122.29,218698,3.31,-0.08,122.33,186499,3.02,-0.31,121.15,205987,0.64,-0.01,118.93,,,,,,,,,,,,,,,,,,,288016,4.53,1.98,126.09,10698,227355,2.6,-0.37,120.9,81938,2018-10-01
United Kingdom,http://landregistry.data.gov.uk/id/region/united-kingdom,K02000001,2018-11,99027,monthly,230224,2.57,-0.43,120.75,99027,350089,3.49,-0.5,121.67,217983,3.33,-0.33,121.93,186139,3.09,-0.19,120.91,204365,-0.21,-0.79,117.99,,,,,,,,,,,,,,,,,,,276937,2.26,-3.85,121.24,11445,227388,2.81,0.01,120.92,87582,2018-11-01
United Kingdom,http://landregistry.data.gov.uk/id/region/united-kingdom,K02000001,2018-12,83837,monthly,229729,1.95,-0.22,120.49,83837,347744,2.49,-0.67,120.86,217796,2.73,-0.09,121.82,185429,1.93,-0.38,120.45,205194,0.38,0.41,118.47,,,,,,,,,,,,,,,,,,,281169,2.8,1.53,123.09,15405,226403,2.01,-0.43,120.4,68432,2018-12-01
United Kingdom,http://landregistry.data.gov.uk/id/region/united-kingdom,K02000001,2019-01,65597,monthly,228314,1.68,-0.62,119.75,65597,349197,2.8,0.42,121.36,216342,2.46,-0.67,121.01,183361,1.8,-1.12,119.11,202876,-0.87,-1.13,117.13,,,,,,,,,,,,,,,,,,,282120,0.94,0.34,123.51,6154,224734,1.77,-0.74,119.51,59442,2019-01-01
United Kingdom,http://landregistry.data.gov.uk/id/region/united-kingdom,K02000001,2019-02,67756,monthly,227738,1.16,-0.25,119.44,67756,347442,1.7,-0.5,120.75,215763,2.16,-0.27,120.69,183453,1.39,0.05,119.17,202169,-1.16,-0.35,116.73,,,,,,,,,,,,,,,,,,,289409,0.22,2.58,126.7,7317,223427,1.3,-0.58,118.81,60438,2019-02-01
United Kingdom,http://landregistry.data.gov.uk/id/region/united-kingdom,K02000001,2019-03,78955,monthly,227104,1.49,-0.28,119.11,78955,345433,1.79,-0.58,120.05,215930,2.47,0.08,120.78,183158,1.42,-0.16,118.98,201004,-0.12,-0.58,116.05,,,,,,,,,,,,,,,,,,,282768,2.07,-2.29,123.79,11662,223342,1.42,-0.04,118.77,67292,2019-03-01
United Kingdom,http://landregistry.data.gov.uk/id/region/united-kingdom,K02000001,2019-04,73561,monthly,228749,1.26,0.72,119.97,73561,346829,1.8,0.4,120.54,217063,1.91,0.52,121.41,185385,1.36,1.22,120.42,202435,-0.45,0.71,116.88,,,,,,,,,,,,,,,,,,,285308,1.41,0.9,124.9,9290,224914,1.25,0.7,119.61,64271,2019-04-01
United Kingdom,http://landregistry.data.gov.uk/id/region/united-kingdom,K02000001,2019-05,82426,monthly,229061,0.98,0.14,120.14,82426,346711,1.21,-0.03,120.5,217808,1.85,0.34,121.83,186135,1.42,0.4,120.91,201761,-1.14,-0.33,116.49,,,,,,,,,,,,,,,,,,,281880,1.74,-1.2,123.4,10249,225578,0.88,0.3,119.96,72177,2019-05-01
United Kingdom,http://landregistry.data.gov.uk/id/region/united-kingdom,K02000001,2019-06,84287,monthly,230049,0.74,0.43,120.66,84287,347564,1.04,0.25,120.79,218676,1.27,0.4,122.32,186272,1.07,0.07,121.0,204271,-0.81,1.24,117.94,,,,,,,,,,,,,,,,,,,278546,-0.19,-1.18,121.94,16650,226984,0.84,0.62,120.71,67637,2019-06-01
United Kingdom,http://landregistry.data.gov.uk/id/region/united-kingdom,K02000001,2019-07,89176,monthly,232618,0.62,1.12,122.0,89176,352091,0.5,1.3,122.37,220307,1.08,0.75,123.23,188616,0.95,1.26,122.52,206741,-0.31,1.21,119.37,,,,,,,,,,,,,,,,,,,292383,3.22,4.97,128.0,8988,228512,0.31,0.67,121.52,80189,2019-07-01
United Kingdom,http://landregistry.data.gov.uk/id/region/united-kingdom,K02000001,2019-08,95774,monthly,233366,0.63,0.32,122.4,95774,354368,0.97,0.65,123.16,221347,1.09,0.47,123.81,190139,1.21,0.81,123.51,204645,-1.25,-1.01,118.16,,,,,,,,,,,,,,,,,,,284966,-0.32,-2.54,124.75,9927,230029,0.74,0.66,122.33,85848,2019-08-01
United Kingdom,http://landregistry.data.gov.uk/id/region/united-kingdom,K02000001,2019-09,84025,monthly,233536,0.9,0.07,122.49,84025,353533,0.49,-0.24,122.87,220738,0.85,-0.28,123.47,189845,1.48,-0.15,123.32,207337,0.65,1.32,119.71,,,,,,,,,,,,,,,,,,,288825,2.26,1.35,126.44,10751,229851,0.73,-0.08,122.23,73275,2019-09-01
United Kingdom,http://landregistry.data.gov.uk/id/region/united-kingdom,K02000001,2019-10,90625,monthly,232919,0.74,-0.26,122.16,90625,353056,0.34,-0.14,122.7,222425,1.7,0.76,124.41,188568,1.11,-0.67,122.49,204632,-0.66,-1.3,118.15,,,,,,,,,,,,,,,,,,,288705,0.24,-0.04,126.39,10359,229183,0.8,-0.29,121.88,80267,2019-10-01
United Kingdom,http://landregistry.data.gov.uk/id/region/united-kingdom,K02000001,2019-11,93439,monthly,232096,0.81,-0.35,121.73,93439,353238,0.9,0.05,122.77,221613,1.67,-0.37,123.96,188208,1.11,-0.19,122.26,202398,-0.96,-1.09,116.86,,,,,,,,,,,,,,,,,,,276220,-0.26,-4.32,120.92,11606,229471,0.92,0.13,122.03,81834,2019-11-01
United Kingdom,http://landregistry.data.gov.uk/id/region/united-kingdom,K02000001,2019-12,84958,monthly,231792,0.9,-0.13,121.57,84958,351118,0.97,-0.6,122.03,220545,1.26,-0.48,123.36,188460,1.63,0.13,122.42,203611,-0.77,0.6,117.56,,,,,,,,,,,,,,,,,,,277107,-1.44,0.32,121.31,15476,229049,1.17,-0.18,121.8,69483,2019-12-01
United Kingdom,http://landregistry.data.gov.uk/id/region/united-kingdom,K02000001,2020-01,68585,monthly,231940,1.59,0.06,121.65,68585,352477,0.94,0.39,122.5,221106,2.2,0.25,123.67,187760,2.4,-0.37,121.97,203628,0.37,0.01,117.57,,,,,,,,,,,,,,,,,,,294340,4.33,6.22,128.86,6339,227585,1.27,-0.64,121.03,62246,2020-01-01
United Kingdom,http://landregistry.data.gov.uk/id/region/united-kingdom,K02000001,2020-02,67463,monthly,230609,1.26,-0.57,120.95,67463,351042,1.04,-0.41,122.0,219734,1.84,-0.62,122.91,187607,2.26,-0.08,121.87,200659,-0.75,-1.46,115.85,,,,,,,,,,,,,,,,,,,282356,-2.44,-4.07,123.61,7152,227473,1.81,-0.05,120.97,60311,2020-02-01
United Kingdom,http://landregistry.data.gov.uk/id/region/united-kingdom,K02000001,2020-03,69201,monthly,232684,2.46,0.9,122.04,69201,353711,2.4,0.76,122.93,221427,2.55,0.77,123.85,188734,3.04,0.6,122.6,204144,1.56,1.74,117.87,,,,,,,,,,,,,,,,,,,289997,2.56,2.71,126.95,9457,228922,2.5,0.64,121.74,59744,2020-03-01
United Kingdom,http://landregistry.data.gov.uk/id/region/united-kingdom,K02000001,2020-04,28356,monthly,230318,0.69,-1.02,120.8,28356,352980,1.77,-0.21,122.68,219183,0.98,-1.01,122.6,187217,0.99,-0.8,121.61,199179,-1.61,-2.43,115.0,,,,,,,,,,,,,,,,,,,294926,3.37,1.7,129.11,3133,225695,0.35,-1.41,120.02,25223,2020-04-01
United Kingdom,http://landregistry.data.gov.uk/id/region/united-kingdom,K02000001,2020-05,36380,monthly,231508,1.07,0.52,121.42,36380,351884,1.49,-0.31,122.3,221063,1.49,0.86,123.65,187513,0.74,0.16,121.81,202515,0.37,1.67,116.93,,,,,,,,,,,,,,,,,,,294472,4.47,-0.15,128.91,2818,227084,0.67,0.62,120.76,33562,2020-05-01
United Kingdom,http://landregistry.data.gov.uk/id/region/united-kingdom,K02000001,2020-06,53436,monthly,234703,2.02,1.38,123.1,53436,354822,2.09,0.83,123.32,224209,2.53,1.42,125.41,191724,2.93,2.25,124.54,204095,-0.09,0.78,117.84,,,,,,,,,,,,,,,,,,,283440,1.76,-3.75,124.08,5538,231981,2.2,2.16,123.36,47898,2020-06-01
United Kingdom,http://landregistry.data.gov.uk/id/region/united-kingdom,K02000001,2020-07,63981,monthly,236687,1.75,0.85,124.14,63981,359580,2.13,1.34,124.97,225782,2.49,0.7,126.29,192521,2.07,0.42,125.06,206198,-0.26,1.03,119.05,,,,,,,,,,,,,,,,,,,293955,0.54,3.71,128.69,6569,232980,1.96,0.43,123.89,57412,2020-07-01
United Kingdom,http://landregistry.data.gov.uk/id/region/united-kingdom,K02000001,2020-08,67744,monthly,238998,2.41,0.98,125.35,67744,364046,2.73,1.24,126.52,228834,3.38,1.35,128.0,194722,2.41,1.14,126.49,205788,0.56,-0.2,118.82,,,,,,,,,,,,,,,,,,,295071,3.55,0.38,129.18,7102,235459,2.36,1.06,125.21,60642,2020-08-01
United Kingdom,http://landregistry.data.gov.uk/id/region/united-kingdom,K02000001,2020-09,78108,monthly,241541,3.43,1.06,126.68,78108,368665,4.28,1.27,128.13,230230,4.3,0.61,128.78,196787,3.66,1.06,127.83,208846,0.73,1.49,120.58,,,,,,,,,,,,,,,,,,,295674,2.37,0.2,129.44,7689,238264,3.66,1.19,126.7,70419,2020-09-01
United Kingdom,http://landregistry.data.gov.uk/id/region/united-kingdom,K02000001,2020-10,97907,monthly,243575,4.58,0.84,127.75,97907,372931,5.63,1.16,129.61,232383,4.48,0.94,129.98,198997,5.53,1.12,129.27,208547,1.91,-0.14,120.41,,,,,,,,,,,,,,,,,,,293655,1.71,-0.68,128.56,8315,240808,5.07,1.07,128.06,89591,2020-10-01
United Kingdom,http://landregistry.data.gov.uk/id/region/united-kingdom,K02000001,2020-11,96254,monthly,246065,6.02,1.02,129.06,96254,376013,6.45,0.83,130.68,234462,5.8,0.89,131.15,201321,6.97,1.17,130.78,211188,4.34,1.27,121.93,,,,,,,,,,,,,,,,,,,292747,5.98,-0.31,128.16,7472,243744,6.22,1.22,129.62,88781,2020-11-01
United Kingdom,http://landregistry.data.gov.uk/id/region/united-kingdom,K02000001,2020-12,104608,monthly,247983,6.99,0.78,130.06,104608,379431,8.06,0.91,131.87,236485,7.23,0.86,132.28,203387,7.92,1.03,132.12,211424,3.84,0.11,122.07,,,,,,,,,,,,,,,,,,,295910,6.79,1.08,129.54,9158,245537,7.2,0.74,130.57,95449,2020-12-01
United Kingdom,http://landregistry.data.gov.uk/id/region/united-kingdom,K02000001,2021-01,78289,monthly,249690,7.65,0.69,130.96,78289,383312,8.75,1.02,133.22,238660,7.94,0.92,133.49,203395,8.33,0.0,132.12,213332,4.77,0.9,123.17,,,,,,,,,,,,,,,,,,,311746,5.91,5.35,136.48,4369,245586,7.91,0.02,130.6,73920,2021-01-01
United Kingdom,http://landregistry.data.gov.uk/id/region/united-kingdom,K02000001,2021-02,96081,monthly,249586,8.23,-0.04,130.9,96081,383235,9.17,-0.02,133.19,238733,8.65,0.03,133.53,204542,9.03,0.56,132.87,210953,5.13,-1.12,121.8,,,,,,,,,,,,,,,,,,,308950,9.42,-0.9,135.25,5432,245745,8.03,0.06,130.68,90649,2021-02-01
United Kingdom,http://landregistry.data.gov.uk/id/region/united-kingdom,K02000001,2021-03,135666,monthly,253506,8.95,1.57,132.96,135666,388601,9.86,1.4,135.06,242157,9.36,1.43,135.45,207980,10.2,1.68,135.1,214881,5.26,1.86,124.07,,,,,,,,,,,,,,,,,,,318449,9.81,3.07,139.41,8574,249152,8.84,1.39,132.49,127092,2021-03-01
United Kingdom,http://landregistry.data.gov.uk/id/region/united-kingdom,K02000001,2021-04,87611,monthly,250210,8.64,-1.3,131.23,87611,386227,9.42,-0.61,134.23,238956,9.02,-1.32,133.66,204689,9.33,-1.58,132.96,210972,5.92,-1.82,121.81,,,,,,,,,,,,,,,,,,,323754,9.77,1.67,141.73,4967,245014,8.56,-1.66,130.29,82644,2021-04-01
United Kingdom,http://landregistry.data.gov.uk/id/region/united-kingdom,K02000001,2021-05,78518,monthly,251285,8.54,0.43,131.79,78518,386981,9.97,0.2,134.49,240848,8.95,0.79,134.72,205875,9.79,0.58,133.73,210902,4.14,-0.03,121.77,,,,,,,,,,,,,,,,,,,311021,5.62,-3.93,136.16,5005,247421,8.96,0.98,131.57,73513,2021-05-01
United Kingdom,http://landregistry.data.gov.uk/id/region/united-kingdom,K02000001,2021-06,165290,monthly,265676,13.2,5.73,139.34,165290,407676,14.9,5.35,141.69,253963,13.27,5.45,142.05,220241,14.87,6.98,143.07,221029,8.3,4.8,127.62,,,,,,,,,,,,,,,,,,,322101,13.64,3.56,141.01,9216,262259,13.05,6.0,139.46,156074,2021-06-01
United Kingdom,http://landregistry.data.gov.uk/id/region/united-kingdom,K02000001,2021-07,64027,monthly,252960,6.88,-4.79,132.67,64027,390179,8.51,-4.29,135.61,242337,7.33,-4.58,135.55,205872,6.94,-6.52,133.73,214175,3.87,-3.1,123.66,,,,,,,,,,,,,,,,,,,323419,10.02,0.41,141.59,3943,248072,6.48,-5.41,131.92,60085,2021-07-01
United Kingdom,http://landregistry.data.gov.uk/id/region/united-kingdom,K02000001,2021-08,80854,monthly,260429,8.97,2.95,136.59,80854,404060,10.99,3.56,140.43,250140,9.31,3.22,139.91,212754,9.26,3.34,138.2,216473,5.19,1.07,124.99,,,,,,,,,,,,,,,,,,,316437,7.24,-2.16,138.53,5095,257009,9.15,3.6,136.67,75760,2021-08-01
United Kingdom,http://landregistry.data.gov.uk/id/region/united-kingdom,K02000001,2021-09,129270,monthly,269003,11.37,3.29,141.09,129270,415681,12.75,2.88,144.47,258268,12.18,3.25,144.46,221471,12.54,4.1,143.87,222368,6.47,2.72,128.39,,,,,,,,,,,,,,,,,,,332375,12.41,5.04,145.51,6717,264921,11.19,3.08,140.88,122554,2021-09-01
United Kingdom,http://landregistry.data.gov.uk/id/region/united-kingdom,K02000001,2021-10,64254,monthly,263333,8.11,-2.11,138.11,64254,417561,11.97,0.45,145.12,252391,8.61,-2.28,141.17,212714,6.89,-3.95,138.18,216574,3.85,-2.61,125.04,,,,,,,,,,,,,,,,,,,331157,12.77,-0.37,144.97,4393,258775,7.46,-2.32,137.61,59862,2021-10-01
United Kingdom,http://landregistry.data.gov.uk/id/region/united-kingdom,K02000001,2021-11,76313,monthly,267370,8.66,1.53,140.23,76313,420244,11.76,0.64,146.05,257282,9.73,1.94,143.91,216638,7.61,1.84,140.73,220260,4.3,1.7,127.17,,,,,,,,,,,,,,,,,,,338233,15.54,2.14,148.07,5341,262549,7.72,1.46,139.62,70973,2021-11-01
United Kingdom,http://landregistry.data.gov.uk/id/region/united-kingdom,K02000001,2021-12,81100,monthly,268115,8.12,0.28,140.62,81100,418943,10.41,-0.31,145.6,257618,8.94,0.13,144.1,219790,8.07,1.46,142.77,219288,3.72,-0.44,126.61,,,,,,,,,,,,,,,,,,,322507,8.99,-4.65,141.19,7660,264924,7.9,0.9,140.88,73441,2021-12-01
United Kingdom,http://landregistry.data.gov.uk/id/region/united-kingdom,K02000001,2022-01,63840,monthly,272738,9.23,1.72,143.05,63840,429085,11.94,2.42,149.13,263005,10.2,2.09,147.11,221561,8.93,0.81,143.92,222729,4.4,1.57,128.6,,,,,,,,,,,,,,,,,,,350668,12.49,8.73,153.51,3029,267284,8.84,0.89,142.14,60810,2022-01-01
United Kingdom,http://landregistry.data.gov.uk/id/region/united-kingdom,K02000001,2022-02,70502,monthly,272454,9.16,-0.1,142.9,70502,426923,11.4,-0.5,148.38,262613,10.0,-0.15,146.89,221674,8.38,0.05,144.0,223521,5.96,0.36,129.05,,,,,,,,,,,,,,,,,,,340790,10.31,-2.82,149.19,3778,267414,8.82,0.05,142.21,66723,2022-02-01
United Kingdom,http://landregistry.data.gov.uk/id/region/united-kingdom,K02000001,2022-03,79203,monthly,273787,8.0,0.49,143.6,79203,431184,10.96,1.0,149.86,264692,9.31,0.79,148.05,223048,7.24,0.62,144.89,221211,2.95,-1.03,127.72,,,,,,,,,,,,,,,,,,,344325,8.13,1.04,150.74,5272,268641,7.82,0.46,142.86,73930,2022-03-01
United Kingdom,http://landregistry.data.gov.uk/id/region/united-kingdom,K02000001,2022-04,72912,monthly,276917,10.67,1.14,145.24,72912,435539,12.77,1.01,151.37,266838,11.67,0.81,149.25,226660,10.73,1.62,147.24,223686,6.03,1.12,129.15,,,,,,,,,,,,,,,,,,,341334,5.43,-0.87,149.43,4966,272015,11.02,1.26,144.65,67946,2022-04-01
United Kingdom,http://landregistry.data.gov.uk/id/region/united-kingdom,K02000001,2022-05,73806,monthly,280433,11.6,1.3,147.1,73806,439909,13.7,1.0,152.9,271168,12.6,1.6,151.7,229475,11.5,1.2,149.1,226275,7.3,1.2,130.6,,,,,,,,,,,,,,,,,,,348288,12.0,2.0,152.5,4792,275353,11.3,1.2,146.4,69014,2022-05-01
United Kingdom,http://landregistry.data.gov.uk/id/region/united-kingdom,K02000001,2022-06,73591,monthly,283001,6.5,0.9,148.4,73591,441849,8.4,0.4,153.6,273238,7.6,0.8,152.8,232482,5.6,1.3,151.0,229166,3.7,1.3,132.3,,,,,,,,,,,,,,,,,,,348335,8.1,0.0,152.5,6278,278014,6.0,1.0,147.8,67313,2022-06-01
United Kingdom,http://landregistry.data.gov.uk/id/region/united-kingdom,K02000001,2022-07,81738,monthly,288601,14.1,2.0,151.4,81738,450229,15.4,1.9,156.5,279224,15.2,2.2,156.2,237380,15.3,2.1,154.2,232710,8.7,1.5,134.4,,,,,,,,,,,,,,,,,,,363477,12.4,4.3,159.1,3647,283154,14.1,1.8,150.6,78091,2022-07-01
United Kingdom,http://landregistry.data.gov.uk/id/region/united-kingdom,K02000001,2022-08,83994,monthly,290857,11.7,0.8,152.5,83994,455625,12.8,1.2,158.4,281097,12.4,0.7,157.2,239394,12.5,0.8,155.5,233151,7.7,0.2,134.6,,,,,,,,,,,,,,,,,,,361298,14.2,-0.6,158.2,3398,285586,11.1,0.9,151.9,80596,2022-08-01
United Kingdom,http://landregistry.data.gov.uk/id/region/united-kingdom,K02000001,2022-09,82620,monthly,292555,8.8,0.6,153.4,82620,459308,10.5,0.8,159.6,283443,9.7,0.8,158.5,240521,8.6,0.5,156.2,233145,4.8,0.0,134.6,,,,,,,,,,,,,,,,,,,382926,15.2,6.0,167.6,3698,286420,8.1,0.3,152.3,78922,2022-09-01
United Kingdom,http://landregistry.data.gov.uk/id/region/united-kingdom,K02000001,2022-10,78871,monthly,292107,10.9,-0.2,153.2,78871,459699,10.1,0.1,159.8,283460,12.3,0.0,158.6,239637,12.7,-0.4,155.7,232116,7.2,-0.4,134.0,,,,,,,,,,,,,,,,,,,374064,13.0,-2.3,163.8,,286329,10.6,0.0,152.3,,2022-10-01
United Kingdom,http://landregistry.data.gov.uk/id/region/united-kingdom,K02000001,2022-11,79255,monthly,291494,9.0,-0.2,152.9,79255,458610,9.1,-0.2,159.4,282390,9.8,-0.4,158.0,239632,10.6,0.0,155.7,231577,5.1,-0.2,133.7,,,,,,,,,,,,,,,,,,,376277,11.2,0.6,164.7,,285602,8.8,-0.3,151.9,,2022-11-01
United Kingdom,http://landregistry.data.gov.uk/id/region/united-kingdom,K02000001,2022-12,68877,monthly,289956,8.1,-0.5,152.1,68877,453402,8.2,-1.1,157.6,281840,9.4,-0.2,157.6,238781,8.6,-0.4,155.1,230676,5.2,-0.4,133.2,,,,,,,,,,,,,,,,,,,379822,17.8,0.9,166.3,,283863,7.1,-0.6,151.0,,2022-12-01
