,Borough,2006-01,2006-02,2006-03,2006-04,2006-05,2006-06,2006-07,2006-08,2006-09,2006-10,2006-11,2006-12,2007-01,2007-02,2007-03,2007-04,2007-05,2007-06,2007-07,2007-08,2007-09,2007-10,2007-11,2007-12,2008-01,2008-02,2008-03,2008-04,2008-05,2008-06,2008-07,2008-08,2008-09,2008-10,2008-11,2008-12,2009-01,2009-02,2009-03,2009-04,2009-05,2009-06,2009-07,2009-08,2009-09,2009-10,2009-11,2009-12,2010-01,2010-02,2010-03,2010-04,2010-05,2010-06,2010-07,2010-08,2010-09,2010-10,2010-11,2010-12,2011-01,2011-02,2011-03,2011-04,2011-05,2011-06,2011-07,2011-08,2011-09,2011-10,2011-11,2011-12,2012-01,2012-02,2012-03,2012-04,2012-05,2012-06,2012-07,2012-08,2012-09,2012-10,2012-11,2012-12,2013-01,2013-02,2013-03,2013-04,2013-05,2013-06,2013-07,2013-08,2013-09,2013-10,2013-11,2013-12,2014-01,2014-02,2014-03,2014-04,2014-05,2014-06,2014-07,2014-08,2014-09,2014-10,2014-11,2014-12,2015-01,2015-02,2015-03,2015-04,2015-05,2015-06,2015-07,2015-08,2015-09,2015-10,2015-11,2015-12,2016-01,2016-02,2016-03,2016-04,2016-05,2016-06,2016-07,2016-08,2016-09,2016-10,2016-11,2016-12,2017-01,2017-02,2017-03,2017-04,2017-05,2017-06,2017-07,2017-08,2017-09,2017-10,2017-11,2017-12,2018-01,2018-02,2018-03,2018-04,2018-05,2018-06,2018-07,2018-08,2018-09,2018-10,2018-11,2018-12,2019-01,2019-02,2019-03,2019-04,2019-05,2019-06,2019-07,2019-08,2019-09,2019-10,2019-11,2019-12,2020-01,2020-02,2020-03,2020-04,2020-05,2020-06,2020-07,2020-08,2020-09,2020-10,2020-11,2020-12,2021-01,2021-02,2021-03,2021-04,2021-05,2021-06,2021-07,2021-08,2021-09,2021-10,2021-11,2021-12,2022-01,2022-02,2022-03,2022-04,2022-05,2022-06,2022-07,2022-08,2022-09,2022-10,2022-11,2022-12
1,City of London,316121.4492,323653.2874,325106.3667,319579.8523,313125.8007,304976.9241,338307.1373,358438.1038,377545.3976,365176.7441,354438.3692,365755.2593,360923.4534,399437.2419,403144.195,419005.3235,411183.3015,436079.0956,467348.2288,473887.0942,463524.8133,456421.722,450830.607,464276.6144,471860.7928,453706.7078,404849.3342,382570.8625,389732.9492,420665.0706,442351.7377,472396.6233,466082.0963,440011.7766,396155.0212,387178.1834,400316.7398,393361.4158,399220.2019,345338.4591,373504.0922,348750.6391,379109.4821,360544.6058,391137.7583,399867.2876,397909.4409,411954.5715,464435.7291,490525.365,498240.5051,458245.8825,454928.3068,428119.8388,420233.7714,442596.574,455289.9049,456016.1744,430304.5818,445015.7572,442413.0072,504009.3269,475353.0397,516318.806,459477.3025,466524.8789,420435.3818,421485.5504,436018.6013,450033.695,478808.8757,496290.8438,525722.7477,510537.1056,527408.2992,524290.4398,573532.3969,542517.6849,543036.879,496168.1797,525970.5038,521769.3586,521448.2564,491528.7635,465451.2915,499206.6764,527874.0656,590684.7463,578036.862,662700.2615,651116.0608,645847.3779,529618.7799,527374.2065,546793.2307,615401.0136,625001.0388,648359.4337,654629.3728,665262.1579,682662.5126,697309.3487,724282.3431,761543.7308,753704.1253,763368.662,762734.8047,773768.3169,783666.5696,760549.5291,767206.6402,729148.105,762814.7215,776509.0356,779096.6415,760243.0523,767464.2986,781357.7431,741727.3306,713252.5637,736788.4978,765643.562,794754.2788,805319.9631,845579.4697,907964.6589,911826.8147,848269.375,780527.2848,792664.2518,818662.7343,811785.7228,820304.9815,820665.4429,853943.0219,906145.5714,939911.6473,930978.6255,854797.5216,847422.4928,836674.3161,818477.1026,790158.901,778001.529,802128.8528,783266.4909,740799.1248,732350.8384,796398.6101,789277.7794,809696.9666,784143.71757,800874.52826,802869.06631,764206.7363,811694.19218,865636.1043,894519.909,853451.0753,738796.7242,719217.5584,761525.8718,756407.0179,813769.5901,810454.644,826227.062,772324.8186,757730.1653,773785.6629,800015.5778,836241.2841,920443.9389,918209.3301,882872.1038,786626.6665,827658.5167,798499.1646,836807.0518,769391.7847,801999.0466,758077.3311,727871.6064,725634.7478,748815.166,756082.0292,773492.4577,948728.5894,953551.3983,954883.5623,793389.303,799674.7093,809376.0744,827267.0838,847354.64125,823597.83378,811845.5214,795968.1538,814502.7842,820757.0426,865647.8228,865561.3351,884896.7212,952551.4913,930424.7317
2,Barking & Dagenham,162339.9562,163023.9489,162004.3844,164203.9629,166048.3794,169013.0192,170203.9708,171177.1072,170250.5241,170091.2864,171598.1613,174285.4099,176577.4365,177050.7197,179011.267,179846.6376,181828.37,183476.4438,185928.699,187337.0586,190223.2283,191576.4791,193603.0318,192458.3172,194235.4516,193698.8139,196257.3656,192932.1292,193573.4985,190726.5908,191066.9391,189099.8683,184658.623,177920.9451,174390.2634,169721.9009,166798.1275,161878.8445,156810.9823,152209.1849,148432.876,150193.6379,154105.1492,156272.1959,155826.793,156674.1762,157272.1998,160888.5891,162905.2109,163022.5868,162831.3359,162755.9259,164902.6725,167147.5106,168660.5929,170216.2782,170252.9043,170298.2577,169249.8164,166485.3712,163821.2893,162484.0392,161659.7392,162401.3434,162703.4802,162303.742,160895.3769,163476.9496,166864.7384,167492.9314,164846.795,162631.3061,163899.0205,163607.2164,164437.516,164731.0378,166502.977,168049.0909,168007.1536,166179.7039,165304.4801,165327.7005,166508.0177,167813.0248,167918.7606,169460.7477,169413.8449,169967.7089,170475.2498,172651.7573,174604.2766,173720.4531,174761.46,176820.5648,181909.7302,183098.9453,184883.6549,185428.4514,189876.9104,193076.6982,196620.3956,198039.7703,201936.1166,204974.0418,210412.1357,213902.7879,216631.0863,218284.7039,220070.151,222918.5506,222416.942,222176.3269,221825.7372,227557.9226,235702.3941,241734.717,243479.161,243538.5716,246955.4575,253145.3576,258757.8919,262861.018,266208.9459,266743.6933,268080.5368,269318.4544,274242.5343,279483.7457,283653.5017,286209.9942,285853.4387,285621.8776,282441.1123,280697.7144,278212.5515,280567.0096,286017.53,289569.2162,291726.5429,290964.8985,292518.8418,293390.1743,293796.3082,292914.7086,291547.859,292777.2583,291723.498,291183.8394,290239.3313,294235.7909,294952.7444,295907.844,296423.96997,299648.48594,302605.91693,301113.5452,297180.8891,293838.6476,294064.7625,295498.2169,295092.0921,293889.3093,297426.4427,299421.2615,304778.0465,304579.0648,304514.9851,299771.2428,303055.4403,302697.2358,301412.6904,293603.0609,293815.8517,300526.2859,304555.5886,304923.5027,301702.4656,304852.1338,305012.3291,309560.1023,312739.9714,314920.3091,311911.2076,310454.0972,309571.3526,314030.5817,309540.9111,313791.2507,315039.4514,326713.3328,328530.925,330850.6123,333413.37454,336110.17562,335997.20854,332490.9095,335163.6297,344971.6741,348396.4143,350109.2815,349552.4486,351242.5951,354485.6669,354799.3903
3,Barnet,282333.5446,281120.306,281674.2983,283205.9287,286461.884,287725.1512,292435.4468,296104.3032,300380.688,299831.5042,300765.1589,304015.3406,306483.8527,309910.1005,310377.1106,313521.3411,318831.0313,323804.8081,331745.4981,334688.8139,340986.8763,342548.1264,345869.4739,344218.9493,344479.6519,339643.9882,335895.5389,333836.4619,338033.2354,340824.5093,337539.5622,329269.1455,320831.2692,318948.3977,314868.4423,306109.5582,294597.595,289250.816,288719.1159,286600.8284,288396.2791,291608.2134,301141.2374,305076.7195,310669.9497,309970.4798,310969.508,312235.4356,316925.7401,318994.9679,324873.2917,327955.2389,331167.9826,330965.2179,336379.5268,341812.0824,347747.2644,344009.8868,341701.5812,335004.3797,337574.8166,339623.2575,345257.6468,340441.2875,335304.6375,330258.5953,332255.2002,334216.4887,339125.1165,340673.1474,346352.9589,346652.9974,351280.0438,352047.7675,348611.0384,351150.0093,353468.9646,361667.2751,362335.2775,362585.603,367108.8731,366526.5859,365376.0502,361370.6666,362880.049,363063.8859,363754.3978,361906.9857,364636.9824,367753.9101,377519.9268,382032.2876,385304.3386,385628.5726,390597.6436,392168.3408,398384.3422,403841.9669,411452.6223,414854.6827,421202.9958,428806.1792,438504.7861,446442.7366,450728.3482,451041.4331,448523.4892,450576.6324,461382.523,471362.7058,473232.8038,472033.2355,466124.8157,473321.7598,470262.0407,478796.0601,484486.7667,492109.8499,499849.9525,501292.885,512166.3092,509863.3071,513342.2018,517408.2847,533675.7421,539830.2113,535272.2813,532357.9252,534921.1292,533792.7232,526421.5395,522223.273,532924.483,540501.1302,549401.1744,543698.9742,544993.9349,531344.3725,527928.414,526223.3496,537986.056,544090.0922,541562.5133,538717.7098,531832.1976,531736.2,538120.1199,541502.2221,533088.4241,524701.9934,523397.0496,533714.99143,534951.4102,537283.90346,535059.84324,533810.05363,528638.9614,523678.5865,516531.2233,512343.3437,503911.1858,512694.0604,514667.7638,528576.6123,526669.7755,525678.4213,530343.0902,522552.0582,521433.7527,516659.8837,522115.1532,526688.5215,526032.9436,518175.0457,523279.8903,529660.1524,533619.23,530353.5205,528816.4928,532528.0926,539455.5894,539249.6671,542160.0428,534687.3611,538012.4935,546800.5979,541711.0887,555310.727,554751.7729,568918.4141,572810.1795,574877.2915,576928.18826,571115.85272,573415.95151,579692.6666,582782.5567,588913.9018,590896.309,601505.3863,606057.9735,602165.8061,593702.626,597199.0461
4,Bexley,188012.9565,187235.5686,187449.8626,189193.9169,189826.5174,191156.222,189337.5476,193378.0406,194016.7524,196531.8763,196837.6711,198995.7507,199813.1401,199940.24,201598.5276,203223.7287,205848.2904,208174.1678,211318.4475,211461.6121,210592.8529,211456.8474,215171.0574,218431.5694,220085.5378,219349.4042,218909.0635,215953.7031,215616.2947,212632.1452,210799.7514,208152.2705,207084.4339,203008.1961,197920.2974,192879.1065,193104.7747,188784.7391,187076.4125,181653.2541,182455.3164,183343.6638,186840.7385,189656.958,191210.0942,193416.6041,194444.0317,196623.0854,197737.1877,201283.7195,202291.1054,202738.6568,199919.3636,199807.4879,200251.2402,201935.4161,202869.5256,200656.9182,200647.3686,200351.825,200374.3706,200398.9426,198333.4043,201058.6711,201338.2684,201072.7675,199899.3788,199485.3396,202298.2585,202907.0114,201377.4405,199523.2257,197426.9094,199185.8501,198638.0934,199592.7909,200115.6649,202550.3754,203974.1412,205196.5233,205409.4195,205919.0792,205592.1804,206956.1398,209191.5402,210775.7552,210529.6955,210863.9945,210206.4541,210388.3595,209984.3241,213353.6706,216048.0505,218834.4427,219390.5316,222076.321,224320.5222,226518.9976,227502.6174,232024.2412,236203.623,242494.5688,249852.9105,255182.9158,258619.3287,258267.3393,260538.6571,261987.5314,261751.2891,261295.727,261084.4354,261865.0402,264487.6563,267392.8612,275330.3955,280370.5885,286280.8571,286189.886,288718.2021,295744.4332,307550.1671,315289.3816,314140.4304,311888.6266,314430.7484,320635.6022,325380.5154,326877.5948,329408.0521,330193.7298,331942.7119,331024.545,330065.8494,328823.912,328858.1741,329046.2115,333651.4409,336979.5642,344041.4276,344516.6709,339807.8445,335705.4049,336238.7472,340598.3803,342095.7083,341254.3822,339631.6188,338476.3918,336410.0273,341480.0567,345692.8284,347531.06171,346150.76571,344680.66219,344172.2978,343667.46694,338707.822,339186.1492,336679.6447,339330.1231,336980.5882,339323.7005,338346.4036,337522.5984,333339.9516,332919.6691,333170.1454,338347.0579,336780.1407,339025.5609,339182.1484,341552.8296,339353.0015,340893.0807,344091.2308,346679.9244,345061.4945,345404.9836,346252.9145,352260.8385,355867.1951,358117.8551,358856.0373,358992.3573,359007.4517,362288.0473,365739.6515,370500.4357,371845.6682,374878.1357,377659.1213,378364.5877,380583.39206,382301.31592,385473.18358,383803.788,385268.5269,389047.2309,394752.12,400930.044,404308.03,409127.1711,407337.3436,408227.2906
5,Brent,247765.9162,246054.9316,246766.2836,246980.2997,249085.8169,252877.368,254617.2415,254296.853,254398.7895,260293.884,261574.4502,264329.4201,263524.2105,271085.9243,273225.5559,278703.1942,279638.0626,286921.3891,294878.1491,298465.3736,302370.7612,298208.4142,299352.5354,297570.5947,300894.7454,300461.7015,299019.5079,296953.5196,297339.1499,297161.4721,300838.7923,295776.408,294672.9322,283265.372,277452.9877,269258.4024,260420.8394,263885.9582,265889.023,269541.7267,261460.299,263297.2196,258775.8429,262862.7268,258998.8776,266585.7155,268663.1907,272443.171,273217.8441,277315.2298,282686.261,287901.9025,289076.0481,287809.2536,290683.3483,296378.4001,299864.3572,298962.5587,296775.7458,294081.4585,292494.4033,289551.0011,291692.4076,295596.3859,299163.6804,298660.1289,299866.138,301267.8594,306604.3592,304678.1977,306240.4863,301759.5506,309544.9722,305248.2816,305559.6467,297524.7271,301924.0204,312586.0413,323765.2127,333734.1181,323625.2472,319366.7114,314303.5789,322170.5341,325755.6313,323824.7403,323030.7399,326443.5719,328625.3464,334340.7037,336231.8464,347721.2919,353281.7489,355724.5597,361040.9223,359846.2552,365189.8763,364592.3462,367413.8312,379175.2901,391225.2197,400902.2999,404163.5598,406619.2377,414027.8273,410328.4753,412968.7306,419643.0926,422944.0546,420874.3522,423953.6453,429920.9624,440208.6091,435950.5965,438513.3086,443363.3988,449822.9506,461859.579,455424.881,468583.6465,469515.9373,482554.9295,473554.2231,485098.5522,488299.2053,493629.2379,494640.6856,489421.4344,499182.3752,504664.6059,502654.1429,490417.6911,472372.9446,475607.9302,484943.9761,488416.2237,490061.5585,492334.7972,491003.2615,498192.1752,490673.1251,489039.0375,485284.8591,494515.1638,493882.3539,493621.0905,482967.3725,485433.9007,480836.4803,492743.2083,505027.7244,519753.71247,510929.80279,493489.47861,479103.683,476355.64756,479105.7131,478494.2101,475429.6451,486252.778,481803.4178,474820.9106,473849.0416,488784.3601,501532.5994,494770.2634,435980.5494,425957.8076,428085.2389,468310.655,466249.9601,470601.3935,482808.0821,484159.9118,482303.0931,497729.0327,519561.8277,522239.3216,513100.814,495066.6459,514041.2521,506770.0707,513100.3239,493681.5808,507153.3694,514004.8962,525506.2081,519287.4351,517734.2015,512019.2975,519123.411,522416.266,516377.93398,513112.38222,508995.81868,518865.824,529981.8582,534686.4918,551947.0216,561214.2226,580359.8804,572148.3116,562592.5366,549438.9525
6,Bromley,240254.6582,241717.779,243140.6832,243914.4217,244570.8703,247109.2756,249778.0767,253405.5732,254675.977,257318.8028,258908.006,261506.1869,261809.1877,263863.9498,264642.3002,269444.6848,271767.7089,275274.2393,278325.2154,282065.8177,285815.652,288142.6816,291784.1554,293823.8179,293098.2897,290151.4074,286080.1591,284104.5491,283806.9004,282385.6163,280338.3142,275719.531,271187.0456,266247.3055,262053.8875,257557.2485,255176.9856,249378.4292,245444.3693,241375.7771,242634.5671,246415.8671,248500.2276,248667.0492,251137.4092,254477.6638,257048.337,258655.3384,260713.9077,263217.1916,264768.6513,266896.8494,270819.9545,272609.1898,273808.0264,276104.1095,276889.7003,276380.4085,275527.5068,274853.1469,275141.237,271383.5186,270665.9452,271214.171,276407.609,275253.9406,275526.4353,272637.2734,276108.1099,277282.4452,278025.1049,278849.1468,276024.9546,278473.7803,276013.7522,277342.0915,277755.8869,281963.1425,284387.0125,286912.3322,284966.7789,286087.1912,285691.5781,288681.6021,286846.4804,285701.4479,284151.2741,287189.8427,289505.6325,294242.9988,297144.6569,301768.8185,303568.9759,306432.5866,309175.6984,314302.036,315709.3226,318485.7007,319079.1857,327862.6399,336865.8043,347890.7369,357091.8922,362180.6246,369783.8866,372018.2042,374419.7189,372899.2626,372855.5791,370457.5953,369932.2982,370450.3482,377117.7311,382265.8058,384312.6206,389249.1618,393831.109,401827.0152,404754.4168,411123.7202,413460.181,416896.6512,418642.4073,422300.9495,425209.767,432272.3986,439330.9601,443017.5731,438326.8421,430089.5745,427362.8268,429187.3086,436538.1435,436074.7032,435582.1075,435136.9831,440151.598,443763.081,445257.6659,444116.7403,443953.3037,443293.8526,445251.0522,445503.7924,446736.5839,445944.3243,441430.1763,440858.6152,437880.0062,436970.9965,440996.4364,444572.79494,449292.94154,447534.11108,445563.04402,443139.79724,440623.5669,439716.3247,435996.2994,431643.364,428092.8974,430001.8857,434256.6273,442189.465,441057.5009,439178.3963,436680.2513,438397.3308,434196.5269,433715.739,432310.4616,433425.5056,425299.7024,425444.1926,428557.2475,433422.5529,435059.5551,437146.4066,445154.9752,453388.6856,456478.7233,452733.1199,453170.9562,455807.4644,460556.0118,467240.0565,469521.1166,471441.124,471613.7586,474873.999,479552.5745,478676.0234,474593.1827,478450.30679,480489.99996,485537.9116,491508.6957,501435.6904,504853.4102,510180.196,512062.7635,516601.3391,515823.3266,515270.0553
7,Camden,368709.6304,373670.358,377339.5567,382932.5242,389595.8246,392849.1822,400432.1312,406665.7047,406025.0046,403221.36,407616.5589,428774.579,433900.9141,441610.7074,439974.0467,451966.0188,441267.0513,454121.4126,466113.8326,490494.2129,499913.3177,500648.1992,495248.8868,482569.1087,486659.1965,505471.8776,510058.9278,510071.8046,505894.1852,506170.5688,521991.5375,525295.7486,515019.2771,498393.876,472362.173,457289.6641,446897.3071,453141.3491,465563.4628,451643.0477,442605.8392,434898.146,451203.7265,467171.4074,475211.4832,471297.8572,449490.1547,446413.1187,454547.2348,480597.7998,498892.6368,499766.6666,490244.364,492592.4995,524202.1832,549962.7657,550372.014,540611.8273,532976.0962,543887.4655,540301.4569,542726.1523,547548.6308,556408.6407,544622.4803,545294.1605,547387.3548,563689.7978,576481.5343,573534.9018,567063.9128,547656.5284,548416.0904,550840.9932,568978.9269,574961.7721,575995.9549,575349.5178,600405.7996,614424.3841,613483.0375,594506.0161,596278.1276,620350.6021,627541.2251,651997.8266,635099.0387,649539.962,651476.1771,671438.8842,685330.0986,707358.9594,705754.8305,689918.2985,662700.525,671214.8792,695470.3561,719848.4301,720064.3028,728941.979,746937.8933,769628.4425,787361.4054,794040.1148,803461.1508,780637.7022,769851.988,761593.9064,769724.2275,769170.8259,756915.0468,749621.2962,745684.3993,770153.9525,793213.0588,819743.8041,833333.9165,828315.7721,816647.7453,796767.1498,808530.5297,827590.4437,854686.0402,838254.4979,807400.7377,770905.2039,753956.3524,769511.5133,786865.5773,805146.4193,830454.508,832125.7201,856070.2412,824402.8521,813907.1239,799225.9803,815493.7205,843238.7194,865076.2333,864580.1303,864602.9182,834802.319,846353.7892,844415.6871,859592.5076,875078.3856,853395.7336,866438.0526,837927.5068,850612.5561,837711.7532,827363.20023,817464.41816,808320.9911,807224.55323,867795.25411,867808.2909,864013.6218,808859.9893,820812.0189,838678.634,871957.4503,890288.4056,863170.6139,838169.607,804713.1225,833740.318,814591.1638,828578.3598,819659.3289,854442.8508,862076.7854,855338.2868,837718.8375,807904.3593,824742.2295,839031.823,827264.235,815442.5796,786159.1736,799564.7678,795318.0201,805320.6165,810041.504,821255.3912,812855.6716,872821.0937,872472.8605,872299.7419,827238.8073,859588.747,884055.4369,871941.33935,867680.8082,881732.52122,876916.7652,856193.6191,839331.5905,847923.7644,861447.7882,861312.601,850555.646,840398.4096,845577.3306
8,Croydon,204536.277,207312.2851,208650.3412,209106.4866,208379.6343,209864.5682,212185.2833,214493.4089,216164.6528,216698.7593,218396.0929,219548.2502,222690.5291,223464.2416,225719.6959,226609.5228,228083.6014,230188.7112,233834.6921,238535.9386,240249.2005,242724.7268,244209.2997,247676.9584,248004.8373,246977.4424,245127.8319,243468.0483,242413.7902,239830.416,237926.2855,238642.0394,233163.3383,226844.3537,216987.7654,212597.0779,207071.7764,204910.5765,202464.4928,202636.9482,200479.0472,199415.0722,200102.6385,201442.2592,203916.7196,205122.603,206570.9013,210343.3871,211896.3395,217606.6096,219480.5191,222847.4621,220281.0005,219296.6976,217831.6049,219853.5433,220916.6334,220972.9903,217847.6314,214845.1783,213989.9794,214080.7076,213550.9557,213974.7476,213418.5596,214113.7036,215233.1412,215870.2073,217591.2527,216699.3885,218799.356,217808.9162,217208.7048,217908.2654,218199.0716,221231.914,221817.0734,223322.6619,222293.3586,222026.3313,223035.9157,223602.3349,224418.1407,226742.0544,225826.4342,224198.9624,223504.1387,224769.2888,230346.19,234713.3603,238169.6933,240105.5443,240105.5272,242224.243,243100.1861,246214.9853,249311.3596,253191.6215,257225.1767,265666.8718,271043.7154,274343.5467,276361.2844,283801.4117,290460.1832,294573.9274,291729.8111,290220.0717,288818.9379,290154.7305,292749.9962,295858.8396,297564.9698,299875.9032,306205.7251,313111.7287,320175.4286,323263.0946,326503.8956,330485.7034,332811.4907,337821.4975,342037.5089,348189.697,352807.7327,358488.4569,363898.4805,369721.8023,369069.4833,368082.0015,363662.2458,363571.3149,363241.1031,367221.2315,368767.4538,369561.6024,368801.407,373121.7975,377037.8693,378273.224,378859.2622,375688.1054,375639.9009,374440.8529,372312.1277,371040.2882,366045.158,368281.4258,370540.7385,373885.7195,374361.1605,372035.48075,371792.94143,370363.35422,368735.29039,364188.83485,365096.0603,364405.5423,367440.2781,363627.4384,364097.3147,363420.0875,365874.7819,364540.2452,365225.8121,364412.8327,368137.2954,371862.8595,372872.0078,372861.5413,371006.7837,370031.6225,373805.0976,372413.7578,377278.4015,374029.6601,377322.4452,376775.3407,381291.8052,380132.1469,380999.5047,383397.6647,390487.3867,393782.8739,393857.8728,394957.0341,393695.5284,396511.5119,397651.4195,403485.9337,405719.3912,407217.0183,402465.7494,404395.17739,408944.76507,411402.8989,413280.0608,412560.4576,417743.7989,424342.5705,431380.4029,431982.3891,430289.6512,428721.8133
9,Ealing,247593.5017,251238.8236,250284.2467,251678.6762,255037.5534,259625.2827,261997.3831,265047.0772,269299.0222,270344.8591,269520.0019,270807.8666,273568.7341,279642.8321,282096.9249,286145.7196,286841.5892,289264.4113,295485.5617,300585.684,305954.8785,307578.793,309936.1173,308302.6206,310173.4979,305649.0835,307788.0693,300884.2126,304014.3475,299363.0508,297370.454,293302.5151,293398.639,286905.887,279322.4609,265723.0938,257539.0016,253953.1747,251129.6137,250917.2259,251076.7389,255022.1945,263723.6066,268788.1258,277405.5965,280528.9386,278843.4702,279574.5286,283234.0258,287882.1338,288740.4435,285639.0083,286725.8323,287129.5617,293317.7372,298160.9997,301224.7724,302709.904,299905.6598,299237.5254,299149.9627,301737.8862,299740.1572,300859.4232,298099.0507,302246.8435,303832.3084,307330.9602,307753.7937,304245.6727,299592.3723,303094.5273,304690.1344,308314.5787,305322.872,304805.4124,310930.8972,321733.9016,329311.633,330625.6299,326082.5019,325861.68,329404.4957,327287.6027,325025.328,322278.0703,321594.3845,328638.9615,331102.6623,340097.3291,344200.1708,347294.0791,348838.8038,345781.0003,349247.3872,352969.4208,364513.952,370619.7244,377756.2943,384904.4798,395085.3186,405195.8819,413032.4816,422701.3382,423807.9083,416777.4418,413241.8697,412835.2905,412383.3605,412001.7402,411635.555,418825.6557,422372.2852,430233.5018,439528.537,445828.6824,453922.6484,462653.4854,474405.3896,475935.3957,470506.9318,471280.2669,473104.9066,477227.0033,469889.9263,477207.4558,478452.8039,483847.0757,477486.2962,477265.7847,475630.1694,485390.2271,489364.2688,489687.3679,485942.1113,482245.2025,486263.2712,483875.3269,489317.9552,488418.2388,489067.8131,482446.5122,479332.2305,469145.6915,473630.8021,476730.5694,483878.0948,481101.1892,473140.4092,476827.6945,478375.6709,485596.16581,485266.17726,481233.31722,482904.5659,481921.87844,483335.7786,476647.5977,467017.2121,461457.9551,465752.3855,474844.3044,475591.7986,474627.2689,473161.8767,477369.1395,472582.527,469056.7913,467419.1885,467257.7804,480329.6438,480314.0318,473283.004,463423.6569,466117.1379,483810.1893,490927.7747,492155.7477,495013.8996,495499.091,499133.4057,497788.7122,501981.8756,498632.2873,496875.5899,499212.1924,507124.9053,514378.2719,512025.4207,516798.386,515562.9099,515679.4044,516289.35268,516778.57079,514786.12575,511510.1446,515052.9702,524314.0062,534578.3471,537694.5852,540072.4799,536557.8112,537426.6113,538217.7627
10,Enfield,214068.5149,213136.3934,212403.88,214322.5771,215853.2579,218910.3301,220262.2386,222089.9801,224114.3337,225896.7068,226399.669,227042.2708,228591.3851,230985.8666,232000.1752,233559.1075,235672.3391,241066.3025,248177.9541,254281.3043,256719.4379,255341.2918,255009.626,255537.095,256572.2193,257164.2041,254573.4008,254069.264,252870.9757,251090.6145,249163.7309,243579.9595,240810.3959,236344.9187,228803.7974,225028.5165,218633.8901,219315.5348,214101.1304,214280.5849,213526.9021,220341.977,222874.0282,227007.9934,226747.7771,228464.9723,228971.0895,229651.6896,232751.7451,236894.225,239223.9246,239050.8969,238993.8109,242127.8315,245935.444,248091.4631,246254.2375,245078.4748,244642.4848,246485.5606,246395.7905,243641.0364,240270.9694,238130.9451,234490.3146,234801.7271,236704.6445,243948.6721,246731.3027,246757.3598,246151.9093,245870.4032,245201.1448,241211.2735,238118.6415,238950.579,241600.6778,246588.976,247629.7994,252055.0069,254221.9136,255359.3886,256116.6616,254951.718,257976.8103,254621.1461,255208.0407,250979.0876,253467.0424,255050.6014,260419.9851,266534.5984,268408.3403,271405.9722,270459.5672,274721.0787,273452.4453,275164.2334,276980.4296,281240.7207,285433.1038,289656.559,297079.7883,304944.4489,308965.4661,312717.4077,313472.211,315082.705,316066.3816,316689.5363,319393.4596,321755.8421,324720.6986,328529.8771,335380.8147,344108.6947,350229.6888,353796.8716,355745.5963,359624.5355,364188.6829,367809.425,372205.1237,378214.8398,382086.3437,384296.6595,387870.0456,394132.176,401714.3992,400662.3593,398232.5989,394465.0119,391874.3239,386269.6582,383141.9563,389127.5967,396608.2496,401482.8829,403277.739,403221.7048,404393.322,398915.2039,397553.3948,395284.0873,395037.614,397704.157,397593.4689,396942.4728,398208.0243,396699.7992,397849.4057,395213.31962,394729.20445,397497.68782,394431.87299,397673.58684,395616.1766,397254.1728,393925.7137,393880.4735,388590.8834,390707.6753,388053.4705,393032.6376,386806.0139,392720.5377,392572.6259,398928.1678,389479.6677,389690.7505,392339.3917,395239.865,391460.2968,385347.4851,386064.7204,397144.6805,399741.7122,406689.2705,405834.8632,412872.2663,417033.642,420565.5312,422285.2231,420527.4067,416529.4126,419479.4825,418889.2319,426401.1769,428052.4781,433224.5926,432511.6755,432685.8242,432461.74366,432561.71453,434640.238,440256.2862,446536.9514,446273.6223,447701.1189,451227.8164,454981.3506,461814.3191,460774.8231,461241.2577
11,Greenwich,202179.7602,201111.6147,200844.0334,199346.0981,201996.8056,206043.3717,210340.6881,211948.654,212312.1164,212934.3883,212535.9441,214413.9609,217207.2244,220126.8342,219651.6856,222934.4078,225765.2317,227729.7318,229651.4129,232464.7206,236410.0941,238106.9948,238093.0707,238202.2078,238449.8251,239628.6662,239431.9649,241051.4362,239680.2161,240905.4876,233729.2062,229121.4006,223029.226,218605.8758,215387.1817,214613.9643,215205.3881,213422.4081,207864.3545,205268.9865,200543.8796,200256.2561,201148.4551,207186.2004,214017.0113,218571.6135,219851.1974,220536.7865,221333.136,221962.2178,224266.2931,222901.8892,225583.1816,225439.8703,233860.2325,238090.6487,239808.5159,234856.2274,230941.0657,229790.9166,230261.0732,229167.6717,226217.6152,227706.7835,232675.3892,233462.3351,230914.9275,229331.0784,232159.2069,229647.2717,226493.5981,223507.8282,228108.7596,230168.5803,232272.5683,233684.1525,235995.6999,238692.7313,241182.6154,241372.0807,240643.7114,240143.8548,239732.5817,241770.0912,243317.8661,244672.6144,246865.229,246976.7682,249862.9036,248787.0898,251706.3612,254632.802,258940.3185,260391.1394,263671.9907,270966.0476,276452.4436,278804.9627,276156.6402,283713.8113,290617.3061,305404.5835,304855.8114,313801.6214,311768.5638,313948.2323,311782.8366,312910.6856,317461.0072,317091.4812,315068.6064,313538.6579,319770.099,328021.8991,338278.7359,341027.5489,341715.8598,343039.9132,346944.1971,360227.697,365319.393,365733.7977,360460.7272,366842.7335,376365.5602,380772.2331,379563.5484,379423.6189,378395.1666,374524.3836,371158.4764,374293.2414,376667.6322,380158.9473,378680.0853,383770.2994,384705.445,395263.1208,404447.4173,407505.2365,408406.8952,399906.9513,395636.0634,385851.2442,386738.7189,387992.6186,387587.1519,383038.8601,386675.8626,388829.1529,389347.9025,387224.63169,392510.72145,395920.29596,388355.32684,385910.65807,385702.913,391920.6904,385654.5896,381586.241,380293.0935,388251.5205,397827.8924,396857.8503,403729.7053,401558.9893,406344.6302,399620.5048,397510.7908,397388.7817,394446.1488,395916.9692,392506.6466,387217.703,386101.2206,389491.0014,399103.6966,400073.7527,403991.2523,401012.0953,407971.2123,407621.0668,409007.7845,404572.3998,400541.8531,408769.5538,395224.9369,401173.9205,396423.9893,411396.5395,410961.8404,409842.9521,408516.19888,409109.54965,412079.14568,410847.1,420144.0474,427285.2796,430961.151,431426.2747,439786.1058,441866.4254,442411.9364,434539.9917
12,Hackney,238246.2129,240259.9701,239022.7865,241951.1615,244603.8006,252531.7158,255499.5011,261801.3739,264543.8087,267840.9826,267582.5044,265168.9874,267223.9045,270969.5105,276044.2403,276424.7464,281457.2287,282167.8598,291786.3379,301584.8522,313923.9457,312131.5172,309919.8206,301126.582,308202.8901,306799.0115,313344.6015,316182.8076,324344.4921,332090.8675,325064.4918,318928.1075,303298.4036,299579.2512,299302.7232,294108.683,297427.5532,284411.1383,292499.2034,267689.7135,264340.2974,251604.5542,271135.0848,277376.4809,290994.8921,294216.9468,300430.9481,294762.2145,295823.8385,298452.9028,297282.6372,298083.5572,294431.2276,305509.0403,304524.1262,308014.2675,307345.7255,304576.7714,296792.9503,295053.6474,294224.8844,300557.9617,294425.4554,304250.1574,302539.4615,304950.8572,308742.1283,312386.8279,323112.9305,317115.8104,323484.4966,318590.2533,324158.6308,310732.8059,309636.5441,311294.5326,316720.874,321176.1416,324415.9196,333001.8711,337488.8542,334252.6487,340411.2299,342619.7543,350965.0218,352970.7518,355011.4573,357095.6319,358151.7373,362160.5893,368133.1541,379507.7703,394812.7669,392764.8406,397691.7805,402761.3166,415052.7462,423298.4074,433503.2857,440754.7723,452303.6174,460254.8372,469549.6908,480141.0528,481365.5571,483110.3743,466708.1932,470618.7871,469390.515,480167.7955,477175.2113,494044.5257,506157.0441,515432.9994,519468.7484,525032.1188,523695.6899,522113.0801,520051.7283,528858.4367,546501.7706,556674.8802,566460.9423,535302.9317,515687.2369,500430.2566,515654.0186,525754.5109,537761.2254,546368.2903,557601.6697,548758.424,561445.4872,551580.3008,535380.0015,513916.4049,504454.8829,533173.1232,547195.825,572397.6562,575543.8968,574424.8664,561529.4337,557024.8893,551718.9615,553681.9925,533506.7265,529849.9615,540774.9989,552611.065,553833.342,544978.69123,537611.44051,545516.3602,543467.26696,548134.89353,527573.462,532412.0593,554701.4709,570455.933,560534.0617,546343.6011,555778.5255,567269.4703,573269.6528,566979.163,555036.3252,548845.6801,555695.9144,570773.7539,578130.2384,579285.033,576963.9249,571464.3811,584128.3138,584803.5943,607149.738,592287.1855,597591.302,589271.7224,593820.8656,596904.9519,592640.9086,577155.1007,569741.7099,580152.5815,612937.6833,621940.5477,616610.0756,583361.5834,585103.7743,596043.75,623151.46957,635409.81594,628239.16904,604040.7495,596467.5009,615593.8399,634160.9118,648234.6728,649231.7086,648743.1723,646566.5013,630488.2213
13,Hammersmith & Fulham,374796.8968,367483.4503,378032.4328,381057.6683,394582.3813,401933.721,409230.8828,414495.1516,417454.9637,417621.037,412028.6784,402320.2035,407093.2373,422517.6072,443097.8087,454433.5889,460661.6999,470555.9418,485737.9618,502895.0197,512595.5448,519191.7878,510195.7654,500711.2903,487906.8747,494452.0375,500204.2412,486031.6467,484646.9799,478042.7602,485893.1907,487355.2595,474369.5881,456203.9439,427746.8134,436519.804,437667.1286,431608.6135,408518.7634,413984.5464,412345.5195,413659.331,420387.6271,441605.3765,459257.8735,459306.654,459311.0247,467824.8724,484952.5732,490933.3901,486870.7431,488086.906,493877.3667,507768.4743,516558.0201,527536.2475,529332.3056,516386.2912,498874.8729,485906.3329,485393.5789,489559.5361,501661.5212,517488.3835,529409.8546,531488.4131,521990.7125,520571.2398,525123.7871,534269.9141,538787.0465,527140.0938,509471.9911,518104.7187,530216.5531,554481.6603,552495.1209,568853.0865,580568.129,592531.8711,588823.8073,603875.7555,594072.5154,611486.8766,601380.0581,618330.4673,616966.9107,610841.4287,619405.456,608410.625,626507.3853,625932.3114,656484.9692,663807.8353,663612.8597,666669.7471,666571.5738,682453.8405,681088.2916,691361.9484,696569.1738,713338.9555,740943.4615,762631.3146,773678.4873,763041.2682,746423.8209,735096.0963,732363.5819,735010.1525,743178.5064,751604.0772,763256.7849,770977.1916,772831.7653,780423.1473,779596.2282,766033.7499,762768.5094,771959.9507,770697.4229,773192.7234,765504.5818,778279.8332,774019.3993,778275.6074,759728.8852,749874.5628,730645.9187,720857.4565,723129.5098,736962.6961,755420.7352,764386.757,751021.4813,773941.1898,755142.6762,755917.4687,751823.7897,781175.0416,758910.845,750647.9492,741538.7443,742878.3186,724500.8084,711087.2478,728771.3014,710089.943,712342.3958,712978.9415,736863.6941,738218.58218,730652.00965,738746.25027,728693.1147,733359.68488,722045.0931,716796.3589,716606.4475,713757.5911,716331.1173,713137.331,725253.0946,729659.3915,735537.6071,719932.4,704862.3604,714044.3288,722291.3574,737297.7665,717721.0867,698950.5272,680110.6797,718768.3367,748436.6942,758825.1121,752481.0114,732566.3134,745044.1986,728846.8663,717141.4909,702192.6391,717193.1899,739881.2257,738465.0234,736103.489,792436.203,840992.8758,853870.5434,798265.8907,768759.1497,771329.7723,755407.22756,756839.78061,748182.83117,740768.635,744230.691,770295.5865,793868.013,814750.3381,812483.2429,789928.7586,755615.6354,736705.9376
14,Haringey,250587.3228,251056.4586,255332.926,253211.0628,255603.2035,262005.6158,268220.7054,274872.7847,275491.2094,274665.4277,272342.1231,273662.4103,278263.8304,285081.8123,285516.1696,291279.3387,297475.9444,307607.9741,312249.3747,316170.2976,326279.1607,327150.5436,323853.3008,315186.3766,313985.8119,315499.8828,312280.2551,314029.3815,319010.2523,317965.392,312994.2027,295042.4588,288020.3283,284383.5844,288533.619,279007.8282,268212.4366,260548.8243,263608.8092,261855.9564,262327.9444,269458.5596,278181.3896,281291.4627,289255.3142,295331.615,296040.6001,288455.751,295080.1857,301399.93,307801.9527,304765.5741,310895.3611,317731.15,322826.8983,322198.2391,326052.6445,321629.7934,324934.4266,318441.9694,316021.1522,321504.2534,320710.6729,328043.4659,319847.1534,323513.5018,331928.626,342020.7768,344757.2997,330990.3366,320976.4323,317306.4249,319503.1553,323169.786,325927.554,331233.1498,337371.2148,342146.1907,343104.3051,347970.1201,352263.7099,353667.0469,350271.6206,349603.1,351746.1325,355898.6404,360945.6336,360083.7885,362274.7804,351241.5429,364191.5312,374890.9661,398046.4295,399199.1526,398220.8419,390063.4397,402645.5793,400241.5672,404694.6353,402451.3241,420345.7749,436432.428,447312.6317,456498.7901,465220.2214,470302.3968,464234.6424,459312.8574,455942.165,452703.1508,448990.9834,454499.3342,461901.9251,468982.2433,473658.6701,488665.055,508005.9895,514513.9553,521417.7687,518351.7566,519382.6558,512198.0501,510397.4127,511922.323,524867.6002,530877.5209,541365.5021,531544.222,541345.7042,537787.1094,535334.1854,535097.0468,551094.6066,567199.528,558971.07,545403.6564,548123.5115,559881.9399,568447.6323,568649.2103,567472.9012,558082.6333,544696.1724,549659.8181,548501.7179,558119.7978,549346.2449,555448.6407,550406.1944,547413.4229,555990.5283,555530.58119,560578.17685,547443.77828,545112.19049,544836.45441,545523.9026,544944.9653,536737.0619,529601.1438,541876.8241,540625.7211,550392.6408,544193.7543,553639.841,554122.7305,554981.0604,556925.0535,553228.692,540883.2623,543928.9841,544721.6861,549864.7104,546375.636,547777.8493,565432.092,570180.4805,587338.9937,581958.1356,584144.363,590703.8252,582739.4053,575885.2815,557785.2877,557673.461,561603.6272,558466.6372,576346.3103,582329.6669,594597.3524,585386.9697,576527.5712,586899.22701,588819.01809,589680.00153,577742.3161,580335.0234,581729.032,588636.2776,595596.9187,613796.0825,611684.3127,615064.0375,605750.5633
15,Harrow,253828.9609,255883.1468,258051.7459,259436.1388,262515.1668,263326.6863,264667.5257,266524.5757,271094.104,275403.2491,276450.3285,278193.9357,280501.2177,282077.2837,281472.9846,285296.6199,288254.8455,292147.7333,292859.6737,297848.5416,303734.3335,305422.7858,307270.5342,305017.8321,305836.6027,304969.5411,304807.1314,307940.8673,306895.5044,303929.7311,298900.4695,293193.1803,288109.7515,283282.4914,271283.5079,266651.8901,260775.0245,262042.1096,258324.5406,253662.2354,253717.4003,254538.6549,258643.7512,265097.8865,271562.7154,271793.1931,271764.6579,274510.9969,279518.7321,281608.5842,285075.7754,288143.6791,291560.4744,290749.1828,294286.6044,296892.1709,298264.8946,300140.28,298913.352,300838.771,296316.8734,297449.9317,295633.8207,297675.7645,294992.5526,295227.8046,292703.5877,294175.2982,295736.3054,297762.7609,300744.686,299313.328,299885.483,298115.3982,295844.4337,298045.8993,296495.3902,304640.1947,303114.4175,310416.7641,310984.4064,317281.8295,313279.7879,310751.56,306539.4585,309376.0789,310967.1677,310669.3478,312443.5151,315395.9146,321904.0723,324905.6203,326112.9786,327432.3549,330422.3449,336603.6065,338589.7583,338069.7692,339746.5437,345557.6886,352323.8356,355957.8038,361408.2589,365767.1458,374181.4646,379166.3193,386887.3127,391893.7907,390704.5557,390584.7763,387555.1052,393543.5189,396812.3743,401894.9353,406671.5447,418115.3048,424055.8128,428841.7117,428609.7024,435863.7983,437028.4377,444319.0467,447037.8699,451488.1609,451185.6207,449361.8748,454259.881,461109.2905,461613.8916,465171.772,459734.5973,464037.2626,457831.7745,465420.1927,466479.2934,476522.2794,474677.771,473768.6514,466812.1456,467852.5647,470769.258,479341.0864,475680.829,474005.2214,473778.4589,474510.2079,472442.622,465390.5856,462891.1595,465051.4564,464940.6285,464558.30317,461837.91364,464761.93769,458448.7341,462277.55163,453365.4908,454375.2032,445148.1895,446824.9526,443287.9049,447719.3861,446095.264,450373.4248,453155.2371,453783.398,450924.3205,447112.5388,447343.8296,450392.9773,450484.3411,451481.58,445417.0141,441942.1538,445805.319,452524.2946,454162.7856,457571.9533,468407.223,474609.0823,474489.7474,481157.3629,485775.9622,489447.1047,486798.1422,486106.2704,480828.9689,480739.3936,485800.3837,487895.5271,492343.6055,499745.5308,502193.01051,509841.35459,502840.74675,497081.7617,501321.2677,513243.7447,528770.6002,532011.3474,532373.7963,527221.9178,528128.3734,531173.9871
16,Havering,202615.8216,204845.7052,206050.4598,208975.9502,208243.493,209471.4584,211742.338,215135.2935,216487.8347,217622.7405,216896.8558,217711.1701,217920.2713,220412.5042,224500.7762,228041.6151,233262.0657,235652.913,238054.4491,237395.3803,239620.4346,241226.1961,242628.2058,243703.8766,244746.8915,243974.6809,242484.7519,240461.2489,239332.4783,236180.78,232706.2602,231032.5832,227511.3423,220570.7804,212369.9902,206313.0649,204414.084,204014.6095,207166.177,205530.2407,202964.2248,199836.0499,203053.4011,205729.775,207181.4409,208242.8067,210964.2356,212448.7901,212880.9463,216413.802,216815.262,217821.1347,218541.8182,219910.3266,223319.8908,224713.4135,224775.5912,225580.1218,222619.9729,221566.798,217997.0519,215922.0504,215325.103,216085.3371,219336.8593,221986.1356,223090.9976,219434.7645,218947.053,220225.6353,223034.5036,223319.6865,220724.4799,220202.2566,220041.3548,219154.2266,219793.5609,220176.9507,222616.1015,221084.2726,222991.8552,223245.3443,225450.8198,223743.4385,220136.3277,220162.3743,220310.8335,222966.5709,225170.1155,224957.7403,227202.8338,226306.1658,228984.8856,231248.3076,233488.7389,236210.9105,238219.84,241908.1363,245103.4222,250367.752,254227.6993,257605.5729,260947.5735,266686.1567,270886.3203,273961.9521,274137.4351,277155.4191,277717.0124,279585.0757,280770.7656,280777.8332,283068.1201,284546.9594,291467.2655,294484.4631,299875.0531,304680.8541,310576.595,314587.8322,317748.6392,323930.0364,331305.2151,333585.2573,337017.7777,339384.0298,347875.3508,350705.5358,356744.4798,355899.5866,356721.1729,350729.6442,352068.6962,354491.7208,357490.8452,354342.3314,351822.02,354891.7353,363883.674,367634.6678,369568.3463,367189.0253,366433.6734,365934.1699,363913.7037,365633.5387,365566.9292,369069.5358,370667.4937,371657.5452,373762.2815,373002.22173,373027.84376,372730.73796,371658.67157,372294.50642,367018.9841,364615.1018,359738.3791,358876.943,361268.857,365336.0161,367679.0664,367502.2747,366447.1575,367101.7811,365246.4908,364994.8361,360851.1393,363718.0272,365417.846,369484.86,367939.8141,371147.6294,373192.0561,375067.0321,373311.9564,372049.7335,373926.8562,378206.3802,380518.1868,384364.9386,384527.5272,385228.2132,386164.3429,387167.023,387842.3072,390817.5566,397720.3525,399975.3225,403195.8405,402471.4542,404948.36507,405146.70726,407003.67181,414070.8049,418595.0333,419527.8059,420126.3086,421781.4641,427622.6528,429112.5986,435278.0519,438011.3117
17,Hillingdon,225769.7371,225182.6936,227319.1042,226107.9628,228713.3527,229687.805,233733.6477,234559.5675,236146.5556,234735.4443,236037.0736,238867.8197,241030.373,243109.9167,243651.2107,247037.5488,250417.8072,253128.4709,257856.966,259959.2936,260670.0843,260233.283,263276.4256,265692.5441,266872.527,264530.3291,263023.6324,259770.7217,258195.1713,258128.4958,257672.4598,254270.7101,251644.6632,247077.151,246224.2828,239553.3155,233126.4202,223915.9993,219678.689,218721.5891,221725.5383,222638.0543,224728.4215,227082.5294,231533.1126,236110.3261,238530.7166,241518.1303,240247.8046,240016.311,239574.8445,244121.5007,245413.1513,249688.8942,250974.3048,253690.0205,255745.5891,253762.9504,253605.8396,249057.105,250781.2776,251481.7724,252504.2127,251264.6174,250059.6718,248749.8758,249619.671,250786.4027,251566.3344,253519.6096,253903.3813,257143.133,254452.6904,256004.9613,252970.0163,254684.8409,256015.8657,258456.2968,261570.1175,262452.9302,265773.0962,268132.8367,268474.6956,266728.8166,265335.5772,262471.4864,261560.6846,263019.1253,268039.9822,271751.4764,272368.692,271614.5104,273028.9563,276683.4739,278966.7521,282296.4287,282891.8242,286928.4961,287161.5087,291282.4468,300059.9529,307903.4583,313332.0838,315051.2349,318436.6628,320560.478,321913.6739,323861.5508,330607.1132,335058.3654,338726.1434,339858.39,342641.2783,345461.8133,348921.7016,357136.5115,364788.6141,373029.5416,376566.1248,380184.5467,384181.4273,390840.0268,393896.7005,394461.5368,397011.9369,401761.2195,407913.2137,407473.3427,405837.9419,406858.7429,407782.3442,411479.4034,410397.3078,414500.0502,413466.1343,411932.8075,409103.9719,410610.4071,415979.626,414569.7236,419451.6107,418374.542,415389.6503,409262.7425,404924.8429,407208.0401,406258.575,408618.1947,411590.7639,415959.9033,416300.2936,414743.4778,410924.11868,408509.88257,407232.41612,410922.43945,413405.0796,413658.0973,409663.0356,404953.3298,401052.9345,395982.4275,398547.4882,397385.2302,403944.6276,403300.2883,407117.086,404318.708,405029.749,404051.1448,409234.3119,403517.4452,407142.0724,403039.4927,408572.9547,410160.5501,410313.6412,414765.25,415694.6426,426361.8057,427090.177,427816.5742,425447.7916,426391.3465,424419.4067,426840.2414,427569.5221,431996.8407,435107.8559,439219.3602,442988.7614,440275.7327,437530.50603,439505.1449,445042.5664,444985.4369,447153.7654,451908.7336,457321.2179,461129.528,466519.6563,472123.2944,474340.3764,468099.7016
18,Hounslow,226228.6098,229421.8202,231388.4244,233697.8897,235850.4847,238416.6561,237016.7863,239945.718,242958.5743,245178.6288,243648.8115,240781.1139,242750.2226,245807.2719,250858.4048,250972.1228,254343.6762,254536.0175,263444.7577,267986.8842,273453.4153,274298.6493,271776.7195,272510.3322,272960.0959,272481.9039,271908.697,268103.0045,273949.3813,272923.2042,270125.59,262571.3014,257275.5998,253428.711,242429.8739,237188.5836,234463.8896,234540.1523,228489.6475,224854.9293,225353.5858,229194.75,234915.4909,242600.1114,245611.6017,245170.8722,243703.7431,246012.3477,250674.7766,253148.6206,254111.6219,252274.2938,252846.813,253417.7568,260723.7884,264626.9452,271362.0029,262230.9376,258705.9482,255270.4479,258297.828,261281.6816,264642.3819,266788.5768,267342.6717,264468.6237,265635.1315,268775.5367,269440.9479,268203.6842,261369.5025,259015.1188,257406.2938,260827.631,257915.2384,260539.7119,262525.1703,267724.8606,272301.0974,273857.9573,276541.8883,276190.8418,275007.5726,274659.2816,272498.1196,270716.9318,278596.4844,286085.5245,293606.1205,290397.6297,291505.3795,296701.0405,300388.3361,303708.5165,301045.7839,301677.6076,302920.1346,303205.767,306568.8208,304118.9063,309376.6946,313803.072,331298.3357,341611.4653,347664.2764,346245.8313,345726.6763,341770.2641,335139.7533,329890.4346,335899.6108,339849.4833,347485.2458,349265.1715,354912.452,358655.0071,365748.909,364874.5333,366733.9608,368802.3285,375818.4093,376990.9994,382232.2923,383043.2171,392697.2766,388954.5968,395610.8316,398008.0826,388795.6349,384390.9191,379541.9879,391460.2201,399157.3596,400436.9371,410459.3154,410358.113,404888.6679,395163.3212,394568.1119,402392.6427,397359.5869,397338.8595,394683.0891,404048.3997,402928.0251,401662.4527,393946.1335,387621.1335,390499.2242,399964.6001,404184.2172,396289.91037,388292.43276,392468.43925,400685.06706,401032.52171,397052.1735,390471.1003,393244.8678,394788.368,396766.6707,399686.7903,397246.2003,401911.2435,406930.3564,413132.2719,409668.343,411967.6971,411488.3108,411302.5567,409443.5913,401333.9674,396578.4851,394693.4323,394813.4581,407761.4209,418843.3232,422508.2338,429110.8779,425582.459,429045.4559,422386.3801,425666.4536,430286.2277,423682.1925,425951.8238,413785.0328,420271.4771,418441.6242,427883.5894,428335.0914,429913.5775,424943.35025,426443.48609,422763.39101,424715.7685,429049.856,443933.306,450033.8146,453968.2052,458646.7205,459675.6766,462966.896,455173.4848
19,Islington,294169.8012,303689.4149,310486.2979,318786.1404,323468.6735,324998.9034,318534.5513,322124.6083,326006.8358,336426.971,327602.4593,329442.8045,333999.0598,349878.4803,354271.5822,359538.9322,369616.2177,390211.3541,399124.1868,411567.115,415462.9891,419154.9586,412008.8162,413153.2418,408031.3745,407775.7975,402112.8564,402948.002,399480.0713,391880.5187,394993.5477,384845.9898,385328.4637,368258.9807,354035.9157,341816.9059,329223.6017,332313.7229,326811.3537,331763.3674,328388.7575,331470.3224,339509.1831,355363.394,368898.9723,371504.0193,367154.2965,361012.2308,368461.1135,382429.2365,389435.6392,393891.7992,393357.1739,400083.338,403079.6719,405537.4055,412468.0482,407174.2472,412746.3991,407998.3224,416960.0536,408596.4506,411200.5229,428174.7999,424731.7876,425165.977,417267.7469,431157.2054,439120.4551,431861.4547,429756.2671,425252.7682,428084.0105,433723.1722,435820.3903,440524.782,453351.217,454417.2472,435076.5161,423992.9252,429895.9985,446415.9565,461721.8668,462058.7356,477204.8534,467113.3613,473634.6854,475031.2894,479123.3683,485856.3441,491033.8065,505020.788,510599.6721,515580.5946,529149.584,539845.6991,548118.5877,551565.4999,557871.9479,558630.4973,570687.9879,581266.6683,599522.5997,610837.0785,620725.38,616688.7544,601114.6811,605026.047,616321.9698,636241.782,630006.3595,641171.844,644322.3727,651604.0047,646180.3904,646005.4546,657610.3755,656969.6333,652896.0292,638444.6521,638495.7846,628362.4388,646021.4249,640533.9962,645784.2818,632660.2882,648906.9652,657819.4642,647013.7336,634621.4766,637572.6514,647853.4266,639571.2572,622393.2512,621583.3881,638976.9817,659547.8924,665436.738,667846.9774,673654.9738,670683.3269,657948.5329,644361.5471,639370.6836,652264.2346,646990.8613,651932.8772,637411.5084,651022.6344,655134.3885,677797.7384,667866.37236,660512.14993,634942.98206,636823.03867,625190.02458,635328.0826,627072.2867,628267.9748,620328.3023,626491.8343,625315.322,629281.0539,643334.6721,655061.216,645211.9178,627326.4898,640978.9678,665892.9376,668882.7618,651931.9289,642190.4341,630653.3712,641491.7384,656970.6723,678740.7757,691113.9478,687446.0824,676686.8532,661169.9422,670706.5547,680188.1069,685817.8266,667755.3995,661614.752,658974.299,680553.9246,700010.3511,704566.9586,718091.1632,723061.3527,732284.1628,699842.72167,692737.20502,702732.86058,720473.0946,727658.6627,710524.9261,704737.9709,718132.8534,733455.5508,730469.2211,715815.9984,704215.1128
20,Kensington & Chelsea,565247.3923,569195.0987,570415.3131,581164.2048,590767.7907,599840.685,606796.4276,609828.6306,603461.6477,604626.403,630205.8574,644540.8433,682117.927,695308.0185,712066.0587,718861.507,718508.6415,723632.7498,746126.6811,779957.4308,830949.607,808270.0,777268.4582,767082.896,810780.5012,832753.4931,808428.892,762672.8351,760593.2059,766471.7302,822508.3855,806857.3773,811950.1126,754939.3765,754636.207,725423.7547,668545.6578,627150.0865,598429.7577,622563.3082,664598.0576,719453.1675,770239.9916,782458.5784,763329.9844,736741.4037,753693.011,755047.38,794620.3953,778621.763,820954.2966,818815.5849,855775.3078,821510.291,845613.6715,826389.7859,863878.116,859065.1652,877861.4668,884673.5663,860460.353,844013.6824,879557.4822,959519.8775,939202.3548,911739.5309,877358.0068,912818.7004,931099.4029,916676.0708,950766.8551,919568.7744,929644.264,933654.0969,941250.7138,970715.4337,974635.038,1030803.145,1032875.348,1042777.304,1058205.995,1077366.273,1071777.712,1044834.094,1067549.838,1060809.98,1076418.527,1043140.855,1086592.794,1122471.237,1159558.644,1189245.346,1217728.812,1172513.647,1168769.847,1154072.871,1204770.976,1198222.359,1209577.9,1231111.466,1263467.702,1297755.065,1345615.624,1347029.885,1344464.062,1334423.087,1365050.375,1319379.526,1313356.774,1287616.413,1306556.652,1291645.45,1306191.745,1293028.207,1328276.138,1316115.896,1353678.564,1268779.808,1295077.7,1264909.351,1335350.548,1294602.595,1319174.018,1303324.298,1282707.874,1246351.504,1229599.009,1206813.473,1226681.28,1217675.95,1295309.996,1357230.704,1394421.454,1412254.749,1380049.475,1399838.629,1388174.256,1341276.257,1304185.839,1257577.663,1270089.545,1278113.215,1344311.198,1364184.503,1463377.921,1378877.962,1392610.254,1325081.124,1301729.431,1306556.017,1334875.947,1418032.2911,1388037.2524,1348120.8438,1363457.867,1345804.5449,1285330.7,1259857.8,1218616.659,1264888.871,1233812.291,1291763.476,1275437.229,1248525.496,1230181.192,1190436.646,1171530.405,1226692.524,1250473.365,1319105.745,1344119.853,1366507.988,1353405.021,1300968.375,1321046.625,1344349.768,1347732.643,1302911.837,1315400.118,1350334.637,1327342.618,1251354.26,1206533.728,1194465.252,1227586.842,1213702.866,1325087.896,1392061.692,1448425.99,1449090.699,1431683.69,1394456.891,1385395.9949,1390908.7699,1464776.9814,1514309.855,1516334.307,1514043.892,1506003.186,1516617.687,1517928.253,1404254.051,1374633.987,1310954.151
21,Kingston upon Thames,255199.8651,253180.3954,254284.2823,254843.4332,258060.981,264704.7153,266618.9132,271131.8828,270979.6284,275060.647,274154.45,277785.255,278832.4823,284562.9343,289235.1346,294523.9951,299721.0841,304342.1077,310980.5715,316736.8516,321174.1781,324522.3665,324972.4013,325148.9033,321798.7524,321373.6028,317364.5251,318957.7737,315909.8591,320611.954,317349.6671,313744.2573,305354.1172,297326.7076,291456.4982,283509.2209,275113.2407,261903.0573,251763.0233,248154.912,253002.6742,255066.8335,261317.8469,268167.0831,277841.6365,282397.0154,283162.9083,283400.3677,289691.305,286627.8645,295871.471,295162.1281,306281.5965,302788.4945,310333.042,313366.1252,318735.9419,312668.1141,309683.88,310511.9956,315323.0656,311584.2064,307489.3972,301401.1622,307573.9908,306941.6639,311674.0447,313479.9554,316078.8021,318088.7941,315898.1515,319353.6889,317885.6492,317949.4536,311914.2474,312482.0755,318792.0414,322871.7692,325938.0053,329393.6191,332547.4577,336852.5696,332015.6082,336287.8186,335601.8303,337033.0863,337695.1123,341148.4416,346124.9272,342177.7263,341028.8039,341750.8441,350118.9152,354994.4264,358743.1705,362452.4984,369306.4988,376687.4834,384834.6948,391612.6878,395974.5486,404271.678,414460.4501,426371.5515,427662.6852,425277.1628,427595.6508,429221.5243,426902.9857,421759.6367,424483.8335,430152.1141,428175.251,429603.318,434522.6258,449425.5174,450684.9048,450728.8768,449012.7522,460578.1889,465254.3218,468323.2612,470972.1261,478030.1488,488827.958,495559.2927,497133.7211,491205.2394,482733.2493,484220.5978,486863.5229,490877.9219,487327.2722,491493.1459,485291.2572,490757.2238,490577.8939,498755.6925,495343.8011,493796.1858,497971.608,498161.9975,492821.7242,485524.9701,489983.8565,492696.2422,494429.8167,493941.1077,501515.5094,511260.0465,510219.4603,505054.89727,495582.04562,492324.43252,491682.99579,486401.33126,482032.3621,475365.0536,474572.3893,474631.1003,472574.215,484675.6874,502894.7646,508405.2112,504866.8934,488211.357,490722.9949,488979.2669,489422.0486,487189.0536,486391.9861,486366.8558,482371.8278,478539.6609,484774.953,497936.3958,499977.6186,499235.8105,493846.9991,497767.9431,500441.919,500783.0466,505876.5336,503144.2743,504698.2951,511615.242,504503.9454,513394.1601,514671.9088,534104.6302,534870.3035,529652.4832,527793.31252,522664.67214,526991.7761,522142.0915,532196.9785,533729.1705,551355.1873,553679.2147,565607.7805,565828.1838,560935.0746,557449.9924
22,Lambeth,236766.233,234358.723,235911.2754,237767.2396,246459.1174,249295.651,254317.8747,257563.2741,261648.3562,262570.5909,261967.045,263085.2758,267255.2613,272416.0418,279673.1792,283834.57,290460.9017,300121.1346,305753.7287,315086.4402,318370.9614,320250.6102,316461.8513,309137.6387,307930.1264,303088.6526,304300.1359,305629.9993,302761.3978,296606.0048,295052.4649,296706.7328,302406.596,289367.2271,275678.1526,266183.4876,262814.4963,262924.1596,255001.0714,247237.8294,251967.5131,258178.4395,270535.4351,273198.2179,276690.6499,282900.8317,284628.1918,281970.2456,285833.1553,286760.0438,295041.1311,294294.211,297314.5764,298000.7621,303698.8104,308883.388,307119.2534,302450.8037,294152.6122,292465.4575,290339.7716,293480.6608,293606.5849,298551.008,300056.415,304480.8328,304623.8752,312599.5656,313958.9872,316449.9552,310605.4493,309605.1898,308274.3241,313346.3523,314536.9776,318902.3254,323925.3278,333272.5095,335266.2146,338402.3295,334409.8777,338429.1018,334410.0192,336415.7692,331659.7078,340892.902,346215.4239,351136.1053,346608.3075,351149.7605,361264.813,367314.7973,377423.0986,387490.9689,394045.33,400387.4427,395103.7927,406242.74,401811.339,413723.4689,423947.83,435515.4319,446018.8629,449301.6274,462535.3692,463981.4979,457790.8218,447526.1485,441235.0449,438618.1888,443178.9436,445243.4108,459886.6101,467797.0221,484639.7516,499509.8211,508248.0003,499210.9793,487265.1919,484535.285,491178.0933,501992.0407,512536.3468,514091.6554,510867.4496,509850.1037,522676.1415,529867.0955,530361.0571,521629.5553,517640.5943,512057.8169,509709.7751,507253.6258,509025.4771,509497.8045,518126.5156,524986.5985,532804.2085,531315.3881,530267.6967,523672.9219,516201.9777,509180.4682,514176.0227,513042.1834,510284.0572,516206.5458,518957.8649,525074.6694,512373.6894,503646.33746,496034.35338,505330.24768,512388.96523,510921.82735,501860.8511,495661.1662,497632.2203,499235.7682,495444.6891,503721.1835,510045.0835,519955.5995,520403.1266,515947.1945,516850.5649,521027.9588,522587.3228,517146.2298,514005.9142,503116.1174,513274.2573,520302.7685,538635.0375,538243.3082,544458.117,543795.433,544844.4911,538485.0954,540840.414,530521.1209,535077.2698,530553.6004,538576.6568,534202.5275,521286.8895,519307.4012,523334.3915,541698.6322,545083.4234,541321.554,534099.08542,543844.97382,540050.74754,540493.3421,536679.7669,542460.4545,550918.8175,558206.1882,561680.8123,557034.0864,553933.7393,549765.3101
23,Lewisham,194170.1254,195055.0088,193739.9375,193773.4817,196773.7264,201256.0984,206370.4622,207741.0658,209194.3721,208575.019,209787.6575,211908.253,215135.6924,218381.9573,220063.4455,222753.5606,225836.6765,226856.3355,230082.2968,232733.7113,237983.8536,240479.6883,242734.2352,242822.5446,241510.6753,241556.8533,240255.2816,238143.2166,235961.4943,234730.4539,233087.5138,232534.6739,230692.4268,224612.546,215363.3595,206955.335,204674.0152,207166.7973,208631.4269,212482.7621,206198.4686,207083.1743,206000.005,210835.5225,213894.1135,218426.2355,219844.4612,220454.0564,221052.4145,223811.6336,228020.0879,226053.9848,226194.325,223273.7469,225648.3067,228217.0133,229261.2623,226810.9557,225502.3521,223141.4657,226810.0688,227705.8891,226622.927,227759.8385,223084.3261,223983.6417,223760.8733,231768.5763,234624.4508,233384.8253,227743.8185,228959.6491,231108.4542,233837.7769,233357.5605,231970.1793,237462.5539,240272.2851,243276.749,243509.5901,248599.9529,250508.3171,247601.8023,245358.4573,242540.2097,244549.8602,245290.6825,251255.6753,253145.035,257015.9421,258118.1778,264741.6126,270976.403,277733.3801,280693.0147,283720.8042,289573.5186,292585.4186,296957.5134,301437.4701,312790.462,316671.0963,321963.8913,327107.8373,332221.8297,331337.2007,331716.1434,335388.751,340347.4868,343254.6032,340786.4678,341075.199,343797.2804,349762.3448,357303.7667,360026.1971,368740.8732,370543.7559,370216.8233,374744.647,384975.2359,396967.6874,399893.1461,400771.9098,404005.2963,404973.5601,410646.3908,409737.9993,411193.7562,406336.3427,403530.9038,398752.0636,401025.4323,403608.6224,411087.3477,406508.9837,407047.4196,405194.4347,414254.491,417811.1702,423062.7937,417795.7112,416507.5731,408684.3189,407246.4986,405431.2121,406499.0011,409634.365,414544.4232,417443.6149,413641.1672,409974.2955,409821.29644,417893.16032,416998.32334,410420.51832,402342.9102,398589.1843,401465.4803,400734.3199,403909.8747,405009.209,410983.0527,416884.6214,420341.2689,421257.5062,413106.3748,413585.4381,409804.9725,413009.535,412504.6215,412995.2087,416637.8415,422938.6652,422336.1904,421910.1543,427228.6325,434286.6237,440733.0139,440484.5339,442786.2961,444557.6139,449066.3023,444485.9467,434410.6131,431484.157,424441.899,430600.4834,428903.7576,443278.1352,443907.7089,439427.7919,432569.81315,438930.50813,446550.70854,445161.2698,442993.2185,449382.4031,458834.8368,468991.6201,464649.1153,462529.375,462915.1897,471026.4759
24,Merton,244083.4786,246920.5654,246235.1667,252105.3253,253408.0382,254900.8939,257433.2063,261007.3966,265476.528,264543.8656,267628.0626,270985.9457,277155.5042,280788.9481,283272.388,287767.7772,292867.209,298411.3541,300490.6211,309047.9667,313243.5517,316044.7725,307997.27,307213.8586,309345.1493,312699.7377,314300.2381,313752.6662,312461.1109,312019.5287,306324.0944,302582.0805,294189.5003,288628.3143,273054.1937,268737.3997,271806.7477,277882.0729,275148.2618,262691.8671,260160.9258,254608.8164,261094.4649,271560.4997,280207.2423,281847.6718,280930.7314,281239.0128,286199.573,283608.1669,291676.6479,294295.4176,301424.7619,302479.7872,305677.2596,306977.2735,310663.0949,311472.6271,306478.4774,299039.2209,299470.8902,298366.039,300667.1839,298880.1974,304185.6449,303809.1575,306767.7774,313482.372,319727.4547,316973.464,308288.5156,302137.5233,301660.7516,304217.7164,305832.5645,306942.7959,312768.2309,318601.5558,323413.2593,326135.9897,326349.4279,328430.9021,321515.2982,325044.6905,329699.7217,333548.1957,328434.9444,327570.1232,331119.1064,340065.4522,347030.8941,357293.1895,364497.4529,359064.1793,356978.6581,359231.2947,377855.2229,386133.067,392126.2027,397959.6307,408271.796,427035.6391,436044.453,452100.6296,446961.2174,449145.1965,434193.2815,431895.5661,424474.8613,429906.8497,434993.5451,437946.5914,444390.1589,445612.3069,464604.6539,469369.5311,480329.6971,480043.9913,489855.2742,490897.8502,487335.1194,482793.9755,495204.7932,503813.1727,514101.0113,513336.2817,511127.7622,509854.9004,505887.2406,504287.1223,489174.601,486293.1179,483394.9881,495771.7558,495230.3292,512213.1299,514737.8387,520540.2952,509666.3794,517398.6238,520322.0413,534090.591,525728.5267,517135.1875,500412.7865,495289.4715,494904.8531,494427.6017,501887.9997,516196.8897,532751.8291,530836.80605,524612.22741,520123.42536,518470.03181,517612.81291,512341.0444,520035.4982,505346.6629,501459.2863,487640.9573,498683.4153,504701.5314,517489.4996,515391.0386,509006.4346,497752.931,495924.6865,498939.8171,502402.0955,513960.5865,511327.1406,515915.9671,519173.5713,524382.9388,528416.8149,525931.4742,540158.0019,550211.3874,555218.8649,552584.0816,542899.5774,541323.017,536377.5372,535371.5719,538421.3086,534040.9497,541204.1519,545463.6421,568210.9661,578026.2022,581997.0405,559349.14684,552358.85511,545345.49136,553157.9637,560261.6053,566282.4691,576157.6609,581462.5379,584482.8559,576724.7251,578858.4186,573671.7237
25,Newham,198195.5634,195776.2286,193713.4992,195140.28,199911.8133,204066.9231,204821.2931,205592.4162,206485.5124,210510.2883,212391.4979,212812.8107,214192.8574,214554.4236,217956.2637,218736.6156,222007.9146,225445.3802,228413.6555,232670.5224,234415.2272,236583.7739,235942.2173,235744.4299,236617.3093,234151.1828,229874.1639,223485.8386,223903.1859,231055.8264,233406.5738,226064.457,217828.638,207060.2877,205991.7832,191781.5914,189086.0792,186696.8512,191434.2717,190232.5314,183362.9137,182435.5616,184975.0445,190484.34,188167.6573,188467.329,189741.1013,193523.6617,194632.3566,196744.5683,199932.5931,202169.5682,203815.4728,204238.0902,207951.8928,207821.1693,210673.7414,208508.1065,209059.9931,208056.3258,208687.3955,205504.1913,201980.2069,200682.1753,204107.2175,206952.1644,207740.6451,208895.9588,212026.0591,212406.2436,212496.1192,210485.0722,213513.0309,210450.6673,211700.7923,209249.6717,213290.06,212423.3666,216462.9406,214977.0578,214193.8539,211657.581,211473.0211,214504.4315,216276.2413,217656.1342,218740.1252,220203.203,221685.9668,224761.8788,224133.2934,224816.6971,224015.0315,223556.2565,228005.3916,229560.7858,234333.8315,234168.6694,234548.4687,242493.365,249074.7783,257977.1526,263542.344,270520.7991,276291.759,278469.2122,279107.8226,279218.9526,278132.3732,279869.8615,282741.9943,287539.1172,291589.7442,293256.3983,297452.6365,301503.8314,308542.5269,313025.335,317550.4517,319493.4318,325989.7137,329608.8585,336144.0871,337626.4679,343813.8993,351367.7429,355960.1021,359410.4762,362357.8494,359279.542,360641.8187,353282.0853,355298.2931,359314.7356,364544.3972,365239.8378,365853.5161,362237.0975,363805.2902,361140.5808,369228.9874,368084.3326,361401.9932,349429.4686,343799.9287,347617.7569,352991.5279,360618.3212,363096.4849,366703.0386,368342.7819,365931.60449,366285.32584,361585.06481,357044.98518,354253.3329,358029.4577,363433.3843,366829.9779,366957.2935,368549.5513,359952.9523,359105.5388,361920.3425,368687.252,369971.9093,363377.905,361100.0994,365689.0735,371571.8103,366989.718,360608.7256,363514.9034,371624.4664,375328.0887,374037.2593,368466.9133,373990.7239,377944.5191,387426.982,384330.7787,389643.2988,393936.4325,390513.0577,382880.7315,387204.7433,384339.6378,389475.2164,386497.2183,386907.0575,389270.2499,388008.129,393006.47295,391618.36444,399233.37252,395468.3707,402545.406,405549.4151,416277.0021,413887.0434,416897.478,418560.3535,425148.6144,424772.1582
26,Redbridge,232310.0293,233950.0517,232672.6885,233449.3439,234715.777,237258.1413,240327.0602,242858.3303,245605.2723,246389.3555,247818.499,249402.6557,252230.4801,254285.9723,258080.0837,258714.7488,263285.7242,265723.2319,271920.1537,274360.1909,276865.6996,277152.7307,275927.3309,274707.1281,275150.319,275919.6498,275710.492,275097.7522,273408.7511,272560.4518,271019.0527,268482.5492,261442.26,251240.8445,240443.9898,232677.4315,227449.7848,225545.9203,221684.7854,221183.3142,224661.4448,232296.782,236603.3671,238626.0488,238187.753,242244.1868,241073.8548,243611.6711,245066.64,248356.2505,247733.8821,244146.4464,242080.5497,242504.8686,247745.3081,254093.6244,262378.3411,264967.1162,264926.6706,264013.3992,265382.7614,266661.762,266384.8774,259444.6655,256850.799,256194.4796,262220.4148,264635.2846,264662.459,261122.5471,260201.2015,259825.1731,257635.4924,258660.5992,258462.9395,262919.3973,266408.8835,267446.4059,270005.5252,269619.6541,272872.3574,273061.1105,269169.1456,264683.0425,262874.5635,263623.1523,267799.5491,267003.4918,268190.2422,270453.5255,277577.074,280870.2181,282995.867,283748.9645,285106.1846,287656.4991,289684.2175,291686.7766,289190.9501,290221.1333,293704.5935,300479.1841,306623.5423,311111.2996,312776.2558,316407.1038,321365.2005,326699.3942,325047.8865,327255.5344,326566.854,330581.8144,328815.1902,336842.8184,342833.4149,351663.3579,355374.5561,363223.8436,368279.2944,369058.9645,371307.3614,377716.5722,388150.787,388739.4147,389069.1154,388322.4099,394380.9557,399449.3596,403091.7574,401346.9384,398303.748,402169.3405,408457.01,405705.4652,402919.7524,397410.4696,406696.59,402584.7255,409096.6882,411116.019,421401.4565,422354.0154,419148.2069,416711.5048,421815.9365,424245.9171,423790.1838,412072.019,413990.8383,415015.5527,424169.5342,423774.84571,426556.92116,428130.51309,430707.82128,426822.70814,420809.5166,411354.6502,405219.3902,402053.0455,401902.1726,408513.5851,414967.5533,421318.6299,414268.4761,411874.3367,411038.1829,420295.0345,419703.5705,416970.4426,420539.0052,419056.5072,418539.569,412781.3525,417394.2257,420140.3519,427270.4524,430362.8443,435811.4807,440915.5361,447923.0931,448298.2025,445905.8078,446034.212,444310.983,452278.8458,449437.489,454009.6205,455965.8127,466994.1957,468643.0967,469192.1478,467565.52979,469232.36156,467089.48254,469028.2087,458664.106,464900.7543,470737.9217,486238.0282,485643.7788,484305.8645,482654.1071,486087.4403
27,Richmond upon Thames,330499.0962,331926.9883,335318.5752,339897.8697,342561.6911,345831.0567,347123.4652,353710.6354,359347.3128,361508.1445,364930.9555,369305.3372,375899.9051,383528.7468,387736.8971,398046.6793,402454.9753,407291.6847,417303.9107,429700.3838,430730.3387,428430.5691,427782.5201,435684.8683,430125.8172,426085.8834,422955.9235,428110.2439,427191.1493,427989.9105,426114.8188,420440.0438,405966.2568,385047.577,360266.1208,352374.5322,352454.7828,358994.7403,356225.9125,351763.8153,351842.8051,355781.4839,362856.2628,372388.5681,380409.5877,391208.5509,395322.5181,403431.8781,411911.992,421222.2412,424030.4678,417128.4759,413233.932,415707.8018,419732.2773,422722.2523,426090.6766,423661.1324,421436.9149,424125.7531,429859.4677,433669.1631,425866.7426,426903.0862,428182.5554,426807.4394,429590.8156,434882.4164,449384.0437,448735.386,443366.9713,437197.9901,434897.5519,442193.8504,442764.9448,445566.1593,446786.7808,457135.2067,468670.212,470964.0731,465848.3812,456331.1116,462002.7383,466141.0506,473974.0105,474164.0503,474809.7172,481102.4586,482861.4823,489625.0201,491191.5864,504618.7534,509785.8787,512941.628,506504.4211,503809.4491,512941.7206,516210.1402,534264.4,554545.7609,574048.195,586768.3756,598031.1803,607598.7703,615843.0366,610018.6306,609361.5136,605032.0814,593230.4252,591959.5293,593409.6794,605762.9485,603858.5549,607109.3052,614134.3381,632845.2256,643019.0685,654907.3309,644455.251,640645.154,643448.3833,653025.3128,662897.0368,647204.8969,654691.843,654185.6724,677067.2938,670081.352,666263.0621,639088.3417,639468.5981,637708.0295,655125.0025,654375.8959,661515.2415,663700.6795,671200.59,674208.526,674637.6505,682854.3406,674672.2655,669034.2904,651931.4809,650160.1284,639199.8934,636391.148,639450.3094,649077.721,656497.4986,651403.6024,662604.7504,667087.66013,677356.53881,658005.22171,649165.82842,645744.94357,655055.8372,656018.0265,646355.5212,639470.4059,636736.7909,652859.3286,657618.6192,657973.7414,648146.89,643768.8467,648043.9992,651268.8396,658761.4821,654405.3502,654948.6892,665143.6265,688186.8929,701624.763,695227.8373,688623.5668,689690.238,689039.3023,693000.1936,692690.2272,689779.8386,675612.4838,678051.3171,682861.8538,692950.5723,694012.9596,721777.9971,738152.8049,738058.3341,739147.6992,736053.2765,749099.169,732657.20214,737136.23678,742963.89829,755496.4454,750751.3722,756555.7504,743959.7155,764295.4355,765693.0882,766283.9477,748781.6291,736553.473
28,Southwark,225643.088,226407.4348,227548.6044,230588.9197,237898.3529,241407.2867,247663.2173,248353.1459,250299.4988,256534.329,257803.5489,262969.8104,258926.7887,263812.1922,276752.1816,288676.8835,297426.6288,295178.8807,296741.3019,296428.06,295412.0127,296067.6422,303151.6895,307443.4078,303542.833,294556.6887,290114.0189,297197.3946,299313.4669,305434.2131,301184.9118,300800.9455,288929.3963,278173.9811,272049.1129,263263.381,264173.1803,257631.9615,255848.7187,252344.2384,251437.6259,255988.5252,258662.0693,264147.4594,270739.9405,269409.835,268317.4537,265111.5001,274107.5821,282954.3169,286656.1682,292879.5563,294376.5218,303412.1062,303740.3961,305691.8494,302033.5012,295514.1591,291275.2023,294313.8129,305923.896,312832.0466,309582.0941,303154.895,302375.8812,308938.5104,321369.9361,329339.5964,324827.9171,315640.9235,305028.1587,311460.0843,314802.1555,316878.498,315910.2841,316547.4077,330786.5319,339161.4415,348366.9528,340003.0413,337481.3116,331380.7697,334333.8318,347838.7604,342616.2503,352306.6345,330016.0941,347839.6321,351784.9375,366355.2945,363506.6796,362032.7602,372362.3013,376014.165,376147.4995,388015.7924,396213.3041,401255.7587,395415.0577,397813.7145,417812.9623,426532.2717,437381.7551,441661.6578,456360.1839,458333.9466,457005.6099,447422.7429,447193.8783,444793.795,445189.8849,446846.0643,457925.6835,466241.5725,475937.2464,482318.5214,485698.9484,487628.7538,485993.4209,488642.4555,495497.2577,498894.5495,513355.646,514788.6797,517877.5742,503827.158,505215.6323,508908.3273,518429.9609,521833.2642,515504.1409,509842.9531,504332.4332,503544.7268,514567.5574,516808.3738,525315.7516,526415.3886,529380.7091,535685.0688,531668.823,523451.6373,493680.1732,485749.3433,492039.2015,515234.9571,518698.9561,517934.322,504446.9998,500786.7755,501446.1249,506250.42726,498887.8784,494357.99317,499136.40207,501604.46154,500163.8442,489116.8776,489970.8262,486307.6607,497044.0698,494784.2522,499662.822,496717.553,507466.4349,513615.3866,509102.6987,508491.8377,502601.1272,496049.3198,496620.2172,500244.9388,516452.4743,509472.7086,508673.5997,506554.3156,510642.8023,516213.6146,526872.8065,540038.4516,544840.9627,530800.3168,525775.0506,514323.9854,512258.0323,510639.5447,505479.7338,504829.5763,502833.0908,500208.8725,509167.2003,516019.715,523389.76802,529416.82951,526866.19216,527804.004,526848.6966,540630.5413,550025.9256,554209.747,558537.9034,554502.2549,559088.2468,555247.3104
29,Sutton,208052.024,209393.2002,211151.8014,211560.0994,211970.3835,215028.5231,216748.8451,218347.1092,217113.1559,219908.1488,223134.7264,226278.2487,227012.3784,229219.7088,230814.9857,233852.3799,237514.0543,241342.0822,245600.3729,244674.8707,248034.5043,248831.2,252643.1101,257716.5052,257529.1964,258578.6212,252132.7156,251699.2181,248424.0653,249481.5132,245202.3889,240818.4484,233542.885,228683.1071,226015.0622,220315.715,216291.3596,207917.1282,206511.1622,205540.3741,205722.2565,204522.6865,207907.9008,212510.5087,217194.5518,218550.0921,220574.7503,222170.1957,225973.1626,230356.0005,235157.2102,234859.31,236700.7915,235294.6346,235634.9673,233041.4558,233303.4125,234394.9449,234596.8161,232560.5917,231401.0324,234298.3124,234941.9871,233579.4789,231346.98,228304.5336,230503.4037,230091.517,234650.7087,235020.0306,235540.5256,236641.6377,234451.7059,233932.9634,233525.8957,235097.1817,237807.6956,238754.3935,241191.0087,239079.3378,241415.2139,242476.9165,244326.6817,244047.131,243568.1884,243275.2781,243096.0098,242913.8232,248213.3539,250480.1974,253393.5026,254848.0751,256554.4833,260491.9833,261968.0715,265231.1607,269434.06,272240.6796,274933.6708,277918.0732,281158.6521,284984.4045,289551.744,297731.9407,308555.9114,313165.588,313785.2646,310124.6862,307545.469,310645.1572,311024.743,314051.2698,314506.6563,316575.7188,323504.5676,327395.7471,334098.652,335502.4813,338618.6028,341716.5964,343907.4514,351088.1536,354131.3301,360226.0682,363180.6671,369743.4832,373699.1104,376311.1184,375151.8835,374922.8343,371406.7809,369868.6889,365567.1316,366941.3771,371233.5344,376230.508,377365.0415,379352.4325,380600.8298,382729.3669,382199.9322,381501.371,381410.0735,377963.4046,376096.9637,371697.0842,376096.2623,375826.7107,379977.4217,381295.5571,385779.6796,387410.10791,382055.57185,381961.24772,377480.43837,375473.92183,374144.6399,374347.7252,371933.8862,368212.2656,369566.0377,371680.1027,373534.2105,368908.3512,372899.0408,369917.0379,375328.5973,373450.0314,371432.5746,372777.1318,375195.3082,376823.7173,371896.3774,371087.8049,373184.064,378301.2131,381404.5753,385399.1338,389500.395,391576.5318,394473.8963,395307.7028,394830.1581,394599.6731,394114.0624,396538.553,401510.1153,406789.2772,411986.7291,414202.9168,411552.7515,410206.777,416154.50156,419807.7232,421404.09301,420264.3696,424621.959,432458.1875,436959.9571,441591.4457,442924.1981,442548.035,441770.1971,438163.5349
30,Tower Hamlets,236132.9852,232894.5759,228654.8319,234134.0578,237665.3268,241093.6982,240492.9328,245297.2258,250209.6627,253169.879,256273.9121,260377.0496,264492.3385,265521.8106,268085.5686,274222.7354,283556.2926,288890.4942,295108.8309,300410.9719,300845.7899,302913.2572,298863.0504,303163.2637,300653.5133,308823.8538,316156.4633,321009.1719,320239.0187,307659.3466,301440.5855,295521.5398,291280.3238,288911.4573,268337.8169,255993.4833,251399.6484,259013.9233,264712.1366,256921.9078,255796.685,254833.8145,247246.1198,240430.0222,247730.7581,263999.7658,279118.9175,277775.7879,277824.1884,279657.3067,285936.3156,288964.1159,284842.0998,283433.9141,280921.9167,284255.5592,282086.9226,284028.5942,280211.78,280821.677,283416.1346,286612.4167,291277.416,292933.1849,290146.8257,282144.7952,277340.6208,282047.9728,288843.9691,290594.1941,292095.7254,289696.4945,287957.214,281664.3931,277388.6756,275452.8024,273785.1983,282398.7893,283469.0185,290364.7926,289175.1678,294066.716,293979.2784,295733.5491,293974.5297,294609.578,287166.7769,291850.0573,293106.4969,304279.8121,306442.9731,309365.4819,311869.9086,324529.1048,339743.7355,351674.0367,355235.4444,360797.9611,367789.3515,376185.4022,380179.5377,382091.4172,380477.5681,386155.7045,391887.3272,401869.7066,399719.912,404510.9343,407228.1279,409418.5862,405580.0179,409026.3013,422345.544,429688.9201,426683.8184,419833.6018,421778.5578,426900.6686,440717.3681,444124.5321,458754.4853,460405.2641,469410.2938,456739.8299,450420.8551,439720.4488,443470.788,449286.501,463713.7366,465361.7919,467870.7387,460400.4395,458311.8665,470185.6462,462762.4097,465198.2066,448448.2391,452345.4123,449169.611,445665.4947,453992.2966,468856.8579,470787.8488,465624.8325,447751.2697,444210.8472,446384.156,455910.407,464488.1465,454415.1392,448966.1438,440829.25109,441546.00249,435774.81806,438834.11208,438896.3523,434143.1947,427633.6537,429001.1543,433631.5913,428669.713,428704.9816,431289.7426,441364.1416,447628.8328,452039.7471,450983.8035,454358.353,462761.6876,474710.7045,480145.1656,470443.9506,460078.5931,445196.9908,444565.0852,454849.8542,467584.3014,474452.5927,469783.4353,468389.6716,462063.0759,467062.2543,468433.9837,469684.737,455885.4845,456558.1201,451635.9424,455901.7459,449500.7009,439353.1234,441438.7762,440311.3435,445860.9988,452954.2075,459363.7362,463942.9987,468533.2518,468545.0527,472999.215,472091.5236,484669.9364,489357.4786,493709.6041,494025.4208
31,Waltham Forest,200759.8165,201812.2911,201594.0893,201964.6841,203054.8057,205951.0646,210993.8854,213044.1526,216862.3054,217642.9733,220036.7988,222776.2362,225087.2564,228925.5312,228272.8225,230686.1631,232135.2858,235925.9054,239500.4069,242898.523,246078.0561,243917.5863,244997.9487,245781.73,249908.9096,247972.2702,245836.8197,241305.099,239639.8794,237698.2453,235583.5293,231836.0321,225870.4514,217344.55,212138.3347,209503.5558,210846.6144,207677.0049,203665.5186,198869.4177,196297.8011,196354.0399,198088.9663,202191.158,207632.3775,210786.4563,213323.3111,213488.2343,214784.1031,219367.8134,222307.6068,225011.1428,223346.2805,220083.4671,222931.3095,222519.757,227125.1832,224120.0804,223284.7474,220345.9548,217838.0282,218774.7051,216578.4617,218535.0137,219335.3886,219149.0738,221138.2493,219625.7086,224327.2827,224939.5876,225477.1489,225146.6445,224073.8855,225213.6342,224065.0259,225589.3568,228913.6639,232594.5264,236795.8089,236018.1019,235160.6259,231511.776,231967.9376,236813.7952,236855.6018,239893.2178,239644.1286,244409.9567,250010.8788,251846.0273,256556.96,258567.9775,264711.4331,266434.6273,269067.9747,273184.4017,279085.1605,287032.1074,290181.7301,295647.1038,301593.0247,309114.3034,321200.4837,329446.8544,340698.2314,342013.2226,341818.4256,341382.1176,338714.2532,337204.513,335742.5561,339615.3511,342504.7788,350957.6859,355647.0844,366329.418,371423.3695,380366.2766,385214.364,386440.7309,391910.981,404346.9905,411147.5704,410743.057,403535.9437,405638.0281,413812.5226,415578.79,416108.3003,420219.9453,430892.5438,433856.5758,435681.5533,430742.058,437021.0915,429416.6658,432326.8992,425960.853,435802.225,437935.1388,444190.689,442340.3626,440512.6338,441467.86,446779.1888,447478.88,441671.6063,430972.3522,430305.0592,435316.1291,444867.1473,445652.23842,447630.02054,441611.00601,438950.63245,439078.67321,435182.1059,436448.9917,429354.7439,432173.9751,424654.5603,421957.5805,418743.455,427415.7542,432270.2879,434920.7924,437274.3331,439622.618,443972.529,436715.6107,436487.3107,440821.2585,444103.2922,447790.0528,443867.3722,449509.609,450747.785,462071.8592,470824.4702,473237.6061,474388.3216,479721.0943,483369.2043,479685.795,476032.9853,474281.9835,474504.174,477614.8313,480265.6021,480100.3106,477625.0628,473703.1011,475809.69051,478237.6621,478663.86575,481003.4853,485352.072,496604.2605,511011.106,523703.7298,525011.9463,525390.3348,516562.9956,514160.6431
32,Wandsworth,284764.9239,285741.8414,294537.7113,299740.2223,306298.1114,310190.4664,316772.5943,322121.2799,325413.4495,326467.5767,326432.7817,332845.6683,337325.1221,346538.087,347565.0137,359793.1395,367053.2875,371346.497,378318.8219,388140.8193,394918.2285,395801.4255,391690.9148,386439.3309,381421.3637,376626.543,380998.8645,375596.0835,376175.1657,369622.4937,367997.9909,356144.9016,359324.6036,351184.4545,345344.3499,325374.3548,319337.6949,320213.7328,323860.9077,323753.2522,330779.7289,345487.4881,353348.6737,350782.5008,350410.5119,354232.6247,357674.6252,354593.5282,356193.0377,367168.2009,373226.8849,379075.1964,381180.942,385939.1407,390480.1817,387985.2525,381411.2872,372627.523,359262.7462,359305.3875,366971.7768,375471.3784,383537.4729,386636.4965,392975.415,393294.3014,389545.5369,396053.6228,392743.1039,388803.3829,381661.1596,386708.6091,398087.5192,391740.8541,389385.8305,384882.5681,402781.4174,409834.373,422025.2078,426869.4939,429769.044,421101.5483,415508.7294,420718.0729,429429.6389,440102.7055,434679.2991,441132.4658,439484.9707,448359.1022,455531.7609,467455.1482,484745.48,481145.0895,482711.9885,484071.1123,497300.3039,508624.1194,516857.4123,529299.8928,542335.1809,556613.6344,564032.6314,573212.0249,570702.7725,566963.7531,554007.5325,554230.7518,553840.6608,560272.037,561250.5623,561529.5964,556144.2921,556659.925,568399.3568,584058.8609,589801.5662,593325.0451,592968.2818,594043.7909,596494.3376,593982.6586,602144.1041,604127.0549,613096.1442,609995.037,614052.0553,609803.241,612944.4116,617955.8771,615152.1765,615143.7871,603454.7904,607905.9531,622345.252,630713.2116,629146.3332,620501.0505,624170.0125,633826.05,626581.9692,614717.2795,604817.0021,596878.7995,593915.3568,595071.222,592506.0334,594836.2861,592914.8426,600150.4562,599238.8038,605835.5744,602059.68952,599208.12649,588549.50969,595503.76753,587609.0333,579893.0364,572644.5224,578173.4928,579367.9833,574832.6167,585174.1556,592250.949,605559.313,600642.1217,601392.6295,604416.4883,605209.899,610321.7724,609325.4336,612597.9621,607047.5868,596641.4874,597440.7879,611665.4591,630857.4308,628923.0145,621452.3655,607846.3389,605527.5335,596618.6059,599281.9392,591272.0843,591189.1408,589744.5003,601492.1846,618315.0783,627146.6297,636021.8454,639460.9826,642082.9944,618924.18687,624078.21219,625916.60528,634294.0803,628715.5597,626975.926,628427.7024,646247.8298,655196.5178,653035.0344,639074.018,633755.1163
33,Westminster,406412.8396,420422.9114,422314.3886,425661.924,425644.8021,440488.884,443770.4552,451559.7069,450582.4595,457769.3994,449109.4401,448641.3046,462061.0232,472340.5654,483535.3252,471224.4376,487287.1826,500038.9204,528034.7259,538992.9596,552248.4363,557076.3668,557540.1104,562740.1382,546512.3768,547328.2329,523787.7797,537718.474,538746.7993,537790.5891,545555.8294,537817.2793,548285.5635,535956.6062,542801.6203,540058.534,524989.1023,507139.9047,502387.1514,508550.3365,520435.7939,510955.1383,523937.0847,521951.8761,553714.4657,562887.9114,573101.4749,575113.4634,596235.5402,613473.0875,607613.6249,590583.1592,578829.1742,594353.8798,599539.7846,618615.5058,623290.5264,628964.4835,618176.1235,610703.993,598580.0474,603248.0882,629535.7342,650658.8972,647255.9362,626107.8516,630766.3984,644666.4755,649456.0562,635375.7045,636095.2132,638416.8317,653185.1011,654620.4686,642526.8079,650451.691,664967.2706,704719.9598,711876.6019,739682.9512,730967.0842,736038.647,729043.722,745032.1857,736489.2568,733268.6643,730982.2253,771733.5646,786436.0719,793530.6829,786473.367,779456.8189,814184.5416,834514.6887,854946.4883,857653.3574,855066.8715,879566.2805,877610.402,890320.1694,896171.4371,923345.4157,941640.9299,949689.7261,953216.1381,955881.9575,974046.5308,975870.9731,976648.8268,979436.2991,966294.0732,945095.217,922584.4566,928565.8257,958775.8074,935637.8909,971985.2577,963913.7691,1013362.494,1013416.944,1024446.733,989059.0101,971279.3327,966368.8907,1007474.23,1017286.203,1025447.654,986768.2492,967520.0484,961900.9958,999384.1671,1029584.834,1040211.104,1073991.399,1060969.159,1109053.914,1098770.422,1088417.218,1058953.108,1035582.918,1040700.213,1034778.662,1039759.023,1096072.023,1116110.71,1117407.525,1060663.894,1003534.741,980479.6429,968778.1953,966624.6861,982355.79963,1023156.9664,1025836.6417,1030331.5991,965022.63959,959408.3438,917867.8673,956110.9832,993115.1859,1021532.538,995107.6487,948506.6832,905951.0674,922686.7566,927734.9425,950463.4216,973497.8689,1008880.386,1013860.848,1006659.751,1026785.033,944550.4913,957831.0096,917264.2977,981247.5684,941113.8842,908254.8836,902768.5758,916413.8942,928269.9368,940207.177,954360.3818,931123.9777,890972.3014,859417.4151,923111.6507,1036938.767,1034826.05,1021403.843,983254.9641,1049442.911,1063028.693,1061906.8496,1060746.5019,1027963.838,990662.7571,982904.2128,983620.6803,1009244.081,993955.7338,980770.9308,969903.0382,968496.4023
